,mjd,time,dpar_smoothed,dparerr_smoothed,dpar_raw,dpar_error,dpar_detrended,dparerr_detrended,dpar_detrended_mean,dparerr_detrended_mean,dpar_detrended_median,dparerr_detrended_iqr_low,dparerr_detrended_iqr_high,dpar_detrended_weightedav,dparerr_detrended_weightedav,dpar_detrended_weightedav_detected_in_all_frames,dparerr_detrended_weightedav_detected_in_all_frames,ensamble_dpar,ensamble_dparerr,dpar_smoothed_median,dparerr_smoothed_median,dpar_smoothed_mean,dparerr_smoothed_mean,g_mag,g_mag_error,am
0,57374.24065968833,0.0,0.044473780692237536,0.02006232157113565,0.0,,0.0,,0.0,,0.0,,,0.0,,0.0,,0.0,0.0,0.044473780692237536,0.02006232157113565,0.04387298253461036,0.02006232157113565,-0.014982650126349029,0.04642646956876727,1.4607134302405007
1,57374.24121741996,48.18801311776042,0.02975755997530604,0.01894660597817668,0.02897434485301006,0.05005874561909472,0.02975755997530604,0.081143278877445,0.030278726468829016,-0.012892900495409351,0.043062750949469576,0.0973366973387533,0.0090090900215202,0.02975755997530604,-0.013803243811438812,0.026055628473859838,-0.012892900495409351,-0.0007832151222959777,0.06386198943053353,0.02975755997530604,0.01894660597817668,0.03230877601917965,0.01894660597817668,0.03424571071028204,0.04507546182711653,1.4638367097919223
2,57374.24177234031,96.13313125446439,0.021291803020531956,0.018097531509799637,0.01649101309540049,0.05463050628377654,0.08037878914134705,0.07427096567578263,0.08004667134942405,0.006679753959224793,0.08767367951289885,0.15291251095719913,0.08587547259969791,0.08037878914134705,0.004314662600185842,0.07422237862068694,0.006679753959224793,-0.06388777604594656,0.0503158436835907,0.021291803020531956,0.018097531509799637,0.029873434775001925,0.018097531509799637,0.09773988083388474,0.050738631522842886,1.4669648292871655
3,57374.242327586275,144.1063824109733,0.012826046065757872,0.017172895165440693,0.015766218929632446,0.055503144357090035,0.05919000140916903,0.0827796442270944,0.06118307826082533,-0.009114500967178162,0.06079578082860111,0.12880322478640605,0.06526317359415394,0.05919000140916903,-0.005912411203698856,0.05755403003192171,-0.009114500967178162,-0.043423782479536585,0.06141555556078889,0.012826046065757872,0.017172895165440693,0.015886326754903337,0.017172895165440693,0.049862303588033896,0.0483861530864262,1.4701153225414465
4,57374.2428775539,191.62358532194048,0.0140346999500376,0.016442997292217088,0.08796874209960492,0.05242205104786007,0.10031431830863662,0.07201155316639589,0.10023028200531074,0.00678783122387553,0.091155727568961,0.10737619302902959,0.03420809755453494,0.10031431830863662,0.003050071612433189,0.09664469932704899,0.00678783122387553,-0.012345576209031693,0.04937197943542688,0.0140346999500376,0.016442997292217088,0.015822029462844736,0.016442997292217088,-0.15251230627693602,0.0421626683101504,1.47325595410914
5,57374.243432107214,239.53699157573283,0.012826046065757872,0.015820949943750346,0.008447679645623313,0.056310231630532025,-0.006402773626796582,0.0872577827380835,-0.006644051564159745,-0.014291072337547651,-0.013833564544058584,0.09279581890776495,-0.012549298295743742,-0.006402773626796582,-0.010346189381118566,-0.01809581551341522,-0.014291072337547651,0.014850453272419895,0.06665642101165059,0.012826046065757872,0.015820949943750346,0.008385456958896427,0.015820949943750346,0.10770299207511158,0.05037452108205764,1.4764441560981587
6,57374.24399959874,288.56825914699584,0.012826046065757872,0.01663642001790718,-0.09225041411863599,0.055676181090931136,-0.03707646307340463,0.0673604194293416,-0.036122382801538636,0.019014135527435867,-0.03224115826441047,0.13518297229472478,0.08952086000664025,-0.03707646307340463,0.01776063065543485,-0.03913353321466721,0.019014135527435867,-0.055173951045231366,0.037915550435496284,0.012826046065757872,0.01663642001790718,0.00609199431178436,0.01663642001790718,0.045653167538837636,0.04807693412063539,1.4797285246720993
7,57374.244556535,336.6875521838665,0.012826046065757872,0.016912300388306004,0.0543693697883285,0.05806549203582514,0.012826046065757872,0.07067425611747694,0.013466835732928326,0.019474402903383377,0.00871134267113035,0.03910471838713753,-0.0017763952949722966,0.012826046065757872,0.017775926235282513,0.010992142631151634,0.019474402903383377,0.04154332372257063,0.040289565800542625,0.012826046065757872,0.016912300388306004,0.010279538900671802,0.016912300388306004,-0.20501964754436486,0.04537627441752015,1.4829721700687266
8,57374.24512304739,385.6342226732522,-0.006402773626796582,0.017000062930951618,-0.10028809902595748,0.05409485378052438,-0.09601053740588536,0.0755130730239873,-0.0951175150829545,0.006451885678046838,-0.09514295605581438,0.10017786755629336,0.02174651994323526,-0.09601053740588536,0.0014073695742185602,-0.09659666063844975,0.006451885678046838,-0.004277561620072124,0.05268748420630582,-0.006402773626796582,0.017000062930951618,0.0007250363189315405,0.017000062930951618,0.03865122649569841,0.04719053447929654,1.4862949281507614
9,57374.24566513418,432.47052126098424,-0.006402773626796582,0.01709630888258792,-0.002207547235071307,0.056121666028061984,0.015243353834317328,0.06923348879581767,0.015421747507340516,0.023678837202936016,0.01327690025371804,0.09412101753379368,0.049723941556078656,0.015243353834317328,0.015579902708303867,0.00860459519385523,0.023678837202936016,-0.017450901069388635,0.04054176331975812,-0.006402773626796582,0.01709630888258792,-0.0004862521775685793,0.01709630888258792,-0.10579598435003668,0.04632502513125889,1.4894942141075889
10,57374.246237897605,481.95728135760874,-0.024720739257795825,0.01720173997390802,-0.07052721073027465,0.05700334478480448,-0.06598026808058666,0.07375849900849903,-0.06522636091373751,0.014993855686823779,-0.06398530819893648,0.09472442218176788,0.034062491125726166,-0.06598026808058666,0.01019592166270284,-0.06936279780345686,0.014993855686823779,-0.004546942649687995,0.04680742312210164,-0.024720739257795825,0.01720173997390802,-0.013883431317540674,0.01720173997390802,0.03392182365523766,0.05039110125019329,1.4928976803609326
11,57374.24679229859,529.8575263470411,-0.024720739257795825,0.017269908350172027,-0.015505992240664708,0.05659178103433223,-0.02522808911823277,0.09034670531654947,-0.0243547533144568,-0.003676062608357941,-0.029804254487360758,0.09464784116298512,-0.008590997234438312,-0.02522808911823277,-0.013834758571966914,-0.030430130506887636,-0.003676062608357941,0.009722096877568061,0.07042653960629915,-0.024720739257795825,0.017269908350172027,-0.012990177270283633,0.017269908350172027,-0.004050742505143035,0.04872410834306595,1.4962134716088444
12,57374.24734976024,578.0222130473703,-0.024720739257795825,0.017273344779509345,0.042291444979559105,0.0602144953961921,0.0758205504530679,0.1065907902983382,0.07767224739253799,-0.028618681285991543,0.05866878492828427,0.15509748106967358,0.0284724597072648,0.0758205504530679,-0.027738964573306935,0.07385023241508552,-0.028618681285991543,-0.03352910547350879,0.08795345996949903,-0.024720739257795825,0.017273344779509345,-0.013416774916845958,0.017273344779509345,0.14219881096670406,0.054925688005463776,1.499569568781967
13,57374.24790304527,625.8260393282399,-0.02522808911823277,0.01732034088489438,-0.039791717629544,0.05783266101344595,-0.024720739257795825,0.07938301875685125,-0.02565659692795333,0.006889156153909962,-0.022009886671546384,0.10581615434071895,0.03949830723902856,-0.024720739257795825,0.0034539244792596777,-0.03413163463068333,0.006889156153909962,-0.015070978371748171,0.054378736534186276,-0.02522808911823277,0.01732034088489438,-0.018341760136660768,0.01732034088489438,0.0032140116603560642,0.05049602655960367,1.5029231572248052
14,57374.24845713339,673.6992533085868,-0.024720739257795825,0.01743990190783913,0.029782495219746664,0.05897183396827017,0.045865827947667734,0.07242336864969684,0.04616848545507604,0.012487978495557849,0.0447364743067323,0.09903212735112234,0.0448772653426784,0.045865827947667734,0.016930578932428664,0.038515819674824786,0.012487978495557849,-0.016083332727921073,0.0420412550358415,-0.024720739257795825,0.01743990190783913,-0.006676459296603629,0.01743990190783913,0.04546318405142458,0.05054857804165396,1.5063030070471153
15,57374.249015232665,721.9190304866061,-0.024720739257795825,0.017428128827947323,-0.04861326860436549,0.05644127216245577,-0.04705465223105644,0.08955733820890054,-0.046248319228517305,-0.01687885169369925,-0.057580238113898785,0.10195077783929196,0.003901344446659488,-0.04705465223105644,-0.013092170322056604,-0.05312070618480309,-0.01687885169369925,-0.0015586163733090463,0.06953344248451238,-0.024720739257795825,0.017428128827947323,-0.009976228768332348,0.017428128827947323,-0.14637244716740305,0.0456141279719578,1.509730495178512
16,57374.24958296006,770.9706773981452,-0.024720739257795825,0.017488428275400085,0.05479653383238982,0.05878075550539592,0.0034230208930308773,0.08120280026158434,0.004295002824828559,0.010506981981507936,0.0005569451721838675,0.04594489041647479,-0.028821846980202244,0.0034230208930308773,0.002756496897738922,0.0024047705743673806,0.010506981981507936,0.05137351293935894,0.056024258607656995,-0.024720739257795825,0.017488428275400085,-0.007330372423246462,0.017488428275400085,0.07496914699851054,0.05148255995034188,1.5132395928493803
17,57374.250139535165,819.0587664954364,-0.024720739257795825,0.017534422273758506,-0.06085598506835316,0.055805022176628256,-0.041769037185590205,0.09528875613100705,-0.040376255194433955,-0.01902041356840694,-0.04581773681067235,0.12079724219366508,0.01924358604992432,-0.041769037185590205,-0.021433223174108194,-0.03490258044579764,-0.01902041356840694,-0.019086947882762956,0.07723824535073645,-0.024720739257795825,0.017534422273758506,-0.01457573316632772,0.017534422273758506,-0.02170136937387035,0.047596182113017,1.516703819385534
18,57374.250695473034,867.0917984331027,-0.036875848284641924,0.017565884680768497,-0.032131246376499875,0.05973541121911302,-0.04134879135220505,0.08609007149420064,-0.04056016211607311,0.005541246669728564,-0.04092449937307853,0.09577349764561374,0.0022925129212122627,-0.04134879135220505,-0.0022579840448991376,-0.042892591183372596,0.005541246669728564,0.009217544975705178,0.06199339526401216,-0.036875848284641924,0.017565884680768497,-0.027368272475827328,0.017565884680768497,0.04490356745264634,0.052532547258965015,1.5201862861085946
19,57374.251252728885,915.2387039735913,-0.036875848284641924,0.01788054977724449,0.004156658836394997,0.058558736308558415,0.03230777183474318,0.08073592303617523,0.031954253717625454,0.005648150538356836,0.02170439420170179,0.13055581300288083,0.047910392210814806,0.03230777183474318,0.002978490983011936,0.024875334609428076,0.005648150538356836,-0.028151112998348188,0.05558024532554648,-0.036875848284641924,0.01788054977724449,-0.02108976743868419,0.01788054977724449,-0.008357865101205064,0.04973269660892752,1.523700113262944
20,57374.25180864308,963.2696903077886,-0.036875848284641924,0.018116597745702387,-0.03535950081459729,0.05567737781425347,-0.021054110354698584,0.0763946004680143,-0.020891802977399232,0.01034674491922282,-0.018567044595302156,0.10772479472446361,0.039384161581516544,-0.021054110354698584,0.003369017293239178,-0.027198385988017982,0.01034674491922282,-0.014305390459898705,0.05230836052101429,-0.036875848284641924,0.018116597745702387,-0.01644364785514316,0.018116597745702387,-0.05973281358145144,0.04557642958517582,1.5272290824778396
21,57374.25236423108,1011.2724933307618,-0.036875848284641924,0.0182425676901754,-0.051513430415049966,0.05919578243244808,-0.036875848284641924,0.07418323376237944,-0.036755992679651316,0.015964545741230338,-0.043050004916507366,0.10558808016461979,0.049702573697940094,-0.036875848284641924,0.014485475861657236,-0.04728708002178777,0.015964545741230338,-0.014637582130408038,0.04471030657079084,-0.036875848284641924,0.0182425676901754,-0.02103984592605551,0.0182425676901754,-0.026487692523669892,0.048355719386376284,1.5307792308521475
22,57374.25291918243,1059.2202901141718,-0.04134879135220505,0.018527196747981537,-0.11004969318296325,0.05828843309995808,-0.10492705729212656,0.07178088882543864,-0.10494494201653105,0.019963902402411172,-0.108137244978548,0.09258231055797886,0.03857988037097945,-0.10492705729212656,0.01639625522243908,-0.11149015037811874,0.019963902402411172,-0.005122635890836689,0.041892177877519,-0.04134879135220505,0.018527196747981537,-0.02549868255216818,0.018527196747981537,-0.03965807190711956,0.049342396120644935,1.534349036075676
23,57374.25346143346,1106.0707790544257,-0.036875848284641924,0.018659442831777725,-0.09255219939511117,0.06131403275915812,-0.06489738195142784,0.07708646740796947,-0.06507252845938528,0.012195185961716808,-0.06728205485230512,0.10936354247835398,0.06674191811714193,-0.06489738195142784,0.014592379917581298,-0.06820202766059308,0.012195185961716808,-0.027654817443683328,0.046721652841576825,-0.036875848284641924,0.018659442831777725,-0.009616716121223794,0.018659442831777725,0.19281957995732313,0.05907676119830044,1.5378596007184455
24,57374.25401780249,1154.1410631034523,-0.021054110354698584,0.018715180306800326,0.04626812686481324,0.06851438623989765,0.04434281615077875,0.12283503001113592,0.04670278000419428,-0.03304298956316483,0.017637146461330196,0.1390456594813826,-0.000964328799557157,0.04434281615077875,-0.033437678359142145,0.0443666815700843,-0.03304298956316483,0.0019253107140344912,0.1019520645990398,-0.021054110354698584,0.018715180306800326,0.009006303533202753,0.018715180306800326,0.14113735072688272,0.05708610106436838,1.5414845875869854
25,57374.25456680212,1201.5746313845739,-0.021054110354698584,0.018300380256018982,0.10766285140827872,0.06712541009403805,0.09697314336661911,0.08603998312859351,0.09947445233455118,0.02992089816769993,0.11096957061388188,0.0959653564769101,0.03340285650565047,0.09697314336661911,0.013301084585250936,0.09920933144279029,0.02992089816769993,0.010689708041659609,0.053824325508787116,-0.021054110354698584,0.018300380256018982,0.02691417595739591,0.018300380256018982,0.11769239856178793,0.058903376272072414,1.5450855629148725
26,57374.25513005374,1250.239571230486,0.04434281615077875,0.017952504024613205,-0.0832758535758618,0.061154041661140926,-0.09761283101109239,0.09543167815757918,-0.0962264991861028,-0.013963679365714202,-0.0847047597913203,0.11140643800125932,-0.017454295556433616,-0.09761283101109239,-0.012108420654012075,-0.10092517395051326,-0.013963679365714202,0.014336977435230594,0.073262462315153,0.04434281615077875,0.017952504024613205,0.04857550480135304,0.017952504024613205,0.18967099717737312,0.05858066049633803,1.5488058874330417
27,57374.255702588875,1299.7066070325673,0.09697314336661911,0.01750273867129443,0.02690663198538829,0.06871340604370645,-0.04562418199420845,0.11320065742673212,-0.04568479166106114,-0.010578284564542573,-0.06239313206207474,0.0634427534294584,-0.07110938353509148,-0.04562418199420845,-0.021246900045796643,-0.05901311740698817,-0.010578284564542573,0.07253081397959674,0.08996030608950309,0.09697314336661911,0.01750273867129443,0.06746794480229917,0.01750273867129443,-0.27123991711287054,0.05060190076985216,1.552611675239726
28,57374.25626709463,1348.479904141277,0.132932593554798,0.01706507650978624,0.030745544720931987,0.06090363521222311,0.132932593554798,0.08883790569678278,0.1323749829287173,-0.0036207540262984533,0.12363083777498568,0.18709176627992566,0.12522314109854674,0.132932593554798,-0.003771867928664227,0.12930405104110804,-0.0036207540262984533,-0.102187048833866,0.06467550314088734,0.132932593554798,0.01706507650978624,0.09963700973300887,0.01706507650978624,-0.08184698795518663,0.05040164190935708,1.5563901625668624
29,57374.25683197735,1397.2857712302357,0.16350442484648703,0.016526827529512737,0.17568870031117706,0.06180924344691566,0.16350442484648703,0.08610002450527182,0.16328994678720116,0.007666479700427116,0.16293697600270113,0.0765469055223935,0.007749513309041368,0.16350442484648703,0.0018690095106994667,0.15628841554328338,0.007666479700427116,0.012184275464690017,0.05994023393621619,0.16350442484648703,0.016526827529512737,0.1294489435347941,0.016526827529512737,-0.4208500847901231,0.04337259239711715,1.5601960365448648
30,57374.25738249212,1444.8502474464476,0.17094099172576552,0.015728983174321934,0.21621201536559123,0.03963943457612923,0.22929436850086782,0.08069744929087531,0.22927375972277178,-0.03522079777965724,0.23030636913753535,0.10165599115234547,-0.002051820164557211,0.22929436850086782,-0.030651343969410896,0.21661548256115792,-0.03522079777965724,-0.013082353135276599,0.07029077854554013,0.17094099172576552,0.015728983174321934,0.1471226118199417,0.015728983174321934,-6.144844093180119,0.004016047274521894,1.5639304523808748
31,57374.25792112619,1491.3882311666384,0.2172205069288299,0.014940165377678975,0.22350110485957242,0.03967337737291435,0.2172205069288299,0.07878706494130754,0.21979689744504563,-0.031459367475121874,0.2230289383987733,0.07932634180928372,-0.003794509681488062,0.2172205069288299,-0.028395886835626494,0.20068963239808763,-0.031459367475121874,0.006280597930742502,0.06806926420854084,0.2172205069288299,0.014940165377678975,0.1588944885707659,0.014940165377678975,-5.862512943446511,0.004248687410250305,1.567608299358563
32,57374.25846568892,1538.4384512202814,0.22646378762568528,0.01433033373407947,0.20310101416733584,0.03968134759627327,0.17094099172576552,0.08976302366106086,0.16981429919629992,-0.029765305496443392,0.15618252288252066,0.0619276042016271,-0.05392945336878524,0.17094099172576552,-0.04083443389853622,0.15981840562663627,-0.029765305496443392,0.03216002244157031,0.0805157814948095,0.22646378762568528,0.01433033373407947,0.19098525385383436,0.01433033373407947,-5.446686675033391,0.004088751623547653,1.5713509636955942
33,57374.25901327613,1585.749986115843,0.22929436850086782,0.01341055237099318,0.2564289698788157,0.03958445961795393,0.24893265694568026,0.07545434905320923,0.24701962207277647,-0.02254180071416352,0.24953107071021835,0.07812814066232865,-0.01681712541069863,0.24893265694568026,-0.024652829769115578,0.24171436680217204,-0.02254180071416352,0.007496312933135447,0.0642372893870695,0.22929436850086782,0.01341055237099318,0.22560612517948647,0.01341055237099318,-5.073712324825442,0.003446042696558302,1.575138725140744
34,57374.25957123296,1633.9574557263404,0.23875316728740203,0.012744779195847468,0.10749453532989305,0.039643824660907274,0.26303388986820975,0.07382232371131377,0.2788182448513818,-0.00180854876259455,0.2845355334804768,0.2561705434263774,0.17525062265429128,0.26303388986820975,-0.022630589382046505,0.27895419757083095,-0.00180854876259455,-0.1555393545383167,0.06227441404295378,0.23875316728740203,0.012744779195847468,0.24039619429062312,0.012744779195847468,-4.588536837876644,0.003999628054965637,1.5790249548248938
35,57374.260136991594,1682.839001971297,0.24893265694568026,0.012012435272843779,0.23933784759974025,0.03975263546330989,0.23875316728740203,0.09538833575115618,0.23982710242807878,-0.05354104970356758,0.2326860489821177,0.10473064160751872,-0.01872349508886592,0.23875316728740203,-0.04695758637412111,0.22915348758446197,-0.05354104970356758,0.0005846803123382268,0.086710221837431,0.24893265694568026,0.012012435272843779,0.2506731669247909,0.012012435272843779,-4.195475461553828,0.004541914322223951,1.5829906548280301
36,57374.260689240255,1730.5532862665132,0.24893265694568026,0.012020296522248423,0.21499008050038088,0.03973089336803903,0.22646378762568528,0.06487555811013183,0.2258490644209785,-0.0062512147072662436,0.2248473468491519,0.08223710572128473,0.0207005849825628,0.22646378762568528,-0.011555500073873064,0.22581560328368144,-0.0062512147072662436,-0.011473707125304402,0.0512863934419121,0.24893265694568026,0.012020296522248423,0.24869295753467718,0.012020296522248423,-3.9299865122852022,0.0048067998478755845,1.5868885633965653
37,57374.261238135856,1777.9778662137687,0.24893265694568026,0.012028777626908703,0.23250182245732018,0.03974867978982551,0.25538558710266096,0.08300763188781303,0.25572833713893084,-0.02820166171927973,0.25935326706314743,0.11150043426676287,0.00947819866556756,0.25538558710266096,-0.033123189999473786,0.24420972058109583,-0.02820166171927973,-0.022883764645340778,0.0728718697892993,0.24893265694568026,0.012028777626908703,0.24480279422044235,0.012028777626908703,-3.6905275549592673,0.004725864724435579,1.5907882913101532
38,57374.26180654388,1827.0883195102215,0.24893265694568026,0.012035959741936754,0.26392651950690976,0.04042462882821428,0.3352054025879646,0.06917472552157498,0.3389375344012774,-0.016655153491646257,0.3280970136428348,0.1435823840713107,0.08248988677345492,0.3352054025879646,-0.015709069028655487,0.33863094167038754,-0.016655153491646257,-0.07127888308105483,0.056133697856869766,0.24893265694568026,0.012035959741936754,0.2457884956899511,0.012035959741936754,-3.3741951717640806,0.006973894453452695,1.594853799709208
39,57374.26235904839,1874.824709398672,0.23875316728740203,0.012049691260660496,0.3657122247348918,0.04002770398873734,0.295623353777301,0.0940653136109732,0.294619257899586,-0.04131881491557067,0.28519622620739454,0.03791314747607837,-0.09498824100046904,0.295623353777301,-0.045096124274098454,0.28175757986988303,-0.04131881491557067,0.07008887095759084,0.0851238282628358,0.23875316728740203,0.012049691260660496,0.2365074477797635,0.012049691260660496,-3.1798734073587873,0.005835707022522383,1.5988319181678656
40,57374.26291104133,1922.5168994162232,0.22646378762568528,0.01206474454835074,0.35836957200529546,0.0403305877953202,0.2765511238223331,0.08643856974670569,0.27794484772383393,-0.04092910379643157,0.257270930137949,0.017065502948060265,-0.09155322664781115,0.2765511238223331,-0.03612246988022391,0.2772194386506903,-0.04092910379643157,0.08181844818296237,0.07645305767554411,0.22646378762568528,0.01206474454835074,0.23258991331237835,0.01206474454835074,-2.9489234801962443,0.00697020168820698,1.602833490881216
41,57374.26346734922,1970.5819009803236,0.21994101072697306,0.01208450872445818,0.2034555149340745,0.0399267451294954,0.20751206520961635,0.0795165052770042,0.20855843418534,-0.022849403497123083,0.20757664640007906,0.09890901340662388,-0.003286714416445763,0.20751206520961635,-0.02883901404490878,0.20487424780214922,-0.022849403497123083,-0.004056550275541872,0.06876575917440418,0.21994101072697306,0.01208450872445818,0.22400467933819226,0.01208450872445818,-2.7822876345016905,0.0062636389438168434,1.6068942170393292
42,57374.264023168114,2018.6046533519402,0.21994101072697306,0.012117005423663596,0.2253205907357291,0.039983200980781015,0.17442871047224645,0.06998224672116071,0.17517902255326392,-0.007121607456087038,0.18212043498311478,0.02976970622523184,-0.0491066849137406,0.17442871047224645,-0.017452489103624534,0.16949025863742756,-0.007121607456087038,0.05089188026348265,0.05743569008440555,0.21994101072697306,0.012117005423663596,0.22722428755334392,0.012117005423663596,-2.587074088537012,0.0070342770200448705,1.610977696891103
43,57374.26457678002,2066.436722036451,0.21994101072697306,0.01215105517773065,0.1643691673946253,0.03994399164075271,0.18178370789036202,0.06643292352352294,0.18076593654724643,-0.016023658228699833,0.17235643840118553,0.09112156665613753,0.018358399385387632,0.18178370789036202,-0.013139064598368687,0.17692907166992122,-0.016023658228699833,-0.01741454049573674,0.0530830562391214,0.21994101072697306,0.01215105517773065,0.22532525710270715,0.01215105517773065,-2.4543521475414014,0.006972155439555867,1.6150727847781765
44,57374.265130766726,2114.301173365675,0.2199232740975644,0.012171103636983826,0.14602779912496217,0.04008675696460143,0.14684112993361711,0.08219168801239334,0.14777824691045305,-0.03210715046370932,0.14906103908531268,0.09767810788434794,-0.0009336040731270923,0.14684112993361711,-0.031666469404584105,0.14200990955212,-0.03210715046370932,-0.0008133308086549462,0.07175322636918553,0.2199232740975644,0.012171103636983826,0.21484506360357986,0.012171103636983826,-2.313887398447278,0.0075910457659153305,1.6191979386399258
45,57374.26570033793,2163.5121252620593,0.20751206520961635,0.012204218105551862,0.23562049497338364,0.04019397989812651,0.21994101072697306,0.07581091683284975,0.2204672570688685,-0.0145549889904905,0.21749220834285393,0.08053485771515112,-0.02481178815801456,0.21994101072697306,-0.024084625337101373,0.20791277483843448,-0.0145549889904905,0.01567948424641058,0.06427860523522788,0.20751206520961635,0.012204218105551862,0.20621867154559895,0.012204218105551862,-2.2041254716513734,0.008209468590411927,1.6234674537731617
46,57374.266251524445,2211.134640290402,0.2007330411395114,0.0122188825092592,0.08348016670581129,0.04047251076618519,0.14431559357135532,0.06968769792696947,0.14872466575656396,-0.009473190661147705,0.1484831661303158,0.14321690246879032,0.06706493143919195,0.14431559357135532,-0.016258002316648534,0.14418866519588028,-0.009473190661147705,-0.06083542686554401,0.05673051308283372,0.2007330411395114,0.0122188825092592,0.19318413917105354,0.0122188825092592,-2.032916597054747,0.009928418081630783,1.6276286935049689
47,57374.26681186673,2259.548213565722,0.19887232063363194,0.012242062249993605,0.27191981609239224,0.04091096034339137,0.2618794779923531,0.07619438199909495,0.2634707036783747,-0.016932782382032746,0.2525362972902822,0.07672700450709202,-0.015054058120244039,0.2618794779923531,-0.023368718965123103,0.25476479541848485,-0.016932782382032746,0.010040338100039103,0.06427967930851447,0.19887232063363194,0.012242062249993605,0.19239870784596402,0.012242062249993605,-1.9874704868252255,0.010829517431395614,1.6318856626700513
48,57374.26736827734,2307.6220903079957,0.19887232063363194,0.012288105847940477,0.2369379998813999,0.04098710097028896,0.23449625214565623,0.07420800522158169,0.23546096139458458,-0.025668637288295312,0.23065853350934543,0.08334263898432073,-0.010124093327457326,0.23449625214565623,-0.0208747256517696,0.23870872157486017,-0.025668637288295312,0.0024417477357436793,0.06186182662205856,0.19887232063363194,0.012288105847940477,0.19454956346161936,0.012288105847940477,-1.9161475596511721,0.011568187111072175,1.6361428201945272
49,57374.267933371346,2356.446212553419,0.2007330411395114,0.012324600441654286,0.19036774583173813,0.04114793864706189,0.2199232740975644,0.07890904205425882,0.2204692708559951,-0.021786913959755357,0.20446829256348809,0.11584608940377014,0.023551788448170845,0.2199232740975644,-0.026183213600752923,0.21439480933632973,-0.021786913959755357,-0.029555528265826282,0.06733115224781482,0.2007330411395114,0.012324600441654286,0.19666300925571714,0.012324600441654286,-1.8330391848386416,0.01189826550821706,1.6404960493278005
50,57374.26849201935,2404.7134000808,0.2007330411395114,0.012363384714766666,0.14260474976356746,0.041229666036934204,0.2007330411395114,0.08134762803692279,0.21584408888175693,-0.021859092388363838,0.21010506512532867,0.15092132263973063,0.07124080718148298,0.2007330411395114,-0.028895587800156622,0.22270914505828066,-0.021859092388363838,-0.05812829137594394,0.07012525383709083,0.2007330411395114,0.012363384714766666,0.2010522050888807,0.012363384714766666,-1.686370524180898,0.012695350609747458,1.6448291542281175
51,57374.26905917175,2453.715367242694,0.19887232063363194,0.012390669293398125,0.17151184565373503,0.04086431801691179,0.13317126770233367,0.07069941325410602,0.13186267766432153,-0.014494112613342013,0.11766141715637234,0.04019651071419887,-0.038324046524096475,0.13317126770233367,-0.016828961899275685,0.12944894669144902,-0.014494112613342013,0.038340577951401375,0.05769327991618747,0.19887232063363194,0.012390669293398125,0.19121213830825495,0.012390669293398125,-1.8258708041589422,0.010907994561972039,1.6492580208494128
52,57374.26961341397,2501.601895247586,0.2007330411395114,0.012423638443643865,0.20040880858389873,0.04077685345768958,0.19887232063363194,0.06315048966426504,0.20049669273888007,-0.010259991210093848,0.2005141162027449,0.07089229327139654,0.009653333205612735,0.19887232063363194,-0.0074438118936569694,0.2028930589698437,-0.010259991210093848,0.001536487950266781,0.04822066535134655,0.2007330411395114,0.012423638443643865,0.19760878549178731,0.012423638443643865,-1.8027977678400422,0.010804169220016265,1.653615760030976
53,57374.27016994389,2549.686080473475,0.19887232063363194,0.012453976830512954,0.162750713937443,0.041657180432230996,0.1980881222444544,0.07884028784542574,0.19892646854203122,-0.010103372025023899,0.20204603523006454,0.11933312411935398,0.03646212717478158,0.1980881222444544,-0.02527913486810606,0.1979343049484471,-0.010103372025023899,-0.0353374083070114,0.06693631530033706,0.19887232063363194,0.012453976830512954,0.1823299512847094,0.012453976830512954,-1.711820228191911,0.013150286908937703,1.6580216530703196
54,57374.270722839734,2597.456281282939,0.19887232063363194,0.01248186299474221,0.2365044556708461,0.041282058873814476,0.205031611625438,0.08322945035897499,0.20523213301885396,-0.03285755056241729,0.19702524997281623,0.05302812798800787,-0.045072448293423606,0.205031611625438,-0.0309878036014663,0.20010942261760625,-0.03285755056241729,0.0314728440454081,0.07226986247528078,0.19887232063363194,0.01248186299474221,0.18484335658010942,0.01248186299474221,-1.7557592055902056,0.012565557213197005,1.6624278649380113
55,57374.271284924005,2646.020362316631,0.19887232063363194,0.012525356941757486,0.1547628127895249,0.04150670134527735,0.19512228409841634,0.07699099808787173,0.1974720093129339,-0.014698578522053023,0.1985905745089079,0.12940852082299692,0.04669818078447259,0.19512228409841634,-0.023337785930054082,0.1865424202986869,-0.014698578522053023,-0.04035947130889145,0.06484448727533143,0.19887232063363194,0.012525356941757486,0.19065856068803486,0.012525356941757486,-1.662558825534127,0.01339928752358436,1.666938929051032
56,57374.27184018442,2693.994861957617,0.19887232063363194,0.012557930322927091,0.06610388134255284,0.041198056943841536,0.1117002761400896,0.06692763968472965,0.11457339767089814,0.000572673386377516,0.10579259700211935,0.1272423518813181,0.05899314955193889,0.1117002761400896,-0.011546886489827907,0.10688289287953365,0.000572673386377516,-0.045596394797536764,0.05274494343366944,0.19887232063363194,0.012557930322927091,0.1961811924473239,0.012557930322927091,-1.6981796898183212,0.0123074275150317,1.6714258767870886
57,57374.27240848544,2743.096070433967,0.19887232063363194,0.012632210237772196,0.24553608398048885,0.04167751229574761,0.21467871259021123,0.09497249336083777,0.2132847530484907,-0.04905399009414693,0.20764294098121958,0.08213385317034705,-0.05595812837751071,0.21467871259021123,-0.043661572911513555,0.20902981434316242,-0.04905399009414693,0.0308573713902776,0.08533908520726116,0.19887232063363194,0.012632210237772196,0.19879381087334033,0.012632210237772196,-1.6089612997624023,0.014230439156294275,1.6760482463470092
58,57374.27297688711,2792.2059742966667,0.1980881222444544,0.012704534173045593,0.12524369659412074,0.04201227236086186,0.09381230171449648,0.0759485889239546,0.09484353211046484,-0.023833508998074945,0.08410191432243838,0.06930527651977333,-0.03157938349512014,0.09381230171449648,-0.021258235228508754,0.09156637339157955,-0.023833508998074945,0.03143139487962426,0.06327050758937061,0.1980881222444544,0.012704534173045593,0.1983358069157561,0.012704534173045593,-1.549435503135932,0.01569416797098741,1.6807056981556938
59,57374.27352741983,2839.772001374513,0.19512228409841634,0.012799471131639073,0.22508132713750806,0.04200097143901086,0.2621437103950561,0.08488207499814496,0.26215032678587497,-0.03361622816414569,0.2702961628324022,0.12459248092839048,0.015141980397764439,0.2621437103950561,-0.03176138382551482,0.2566467878241011,-0.03361622816414569,-0.03706238325754803,0.07376235526452568,0.19512228409841634,0.012799471131639073,0.19570238106877566,0.012799471131639073,-1.5574165823680488,0.015301061872297815,1.6852464806916612
60,57374.274077566006,2887.3046311782673,0.1938342771002053,0.012871757096972981,0.2616637769176599,0.04271721013211627,0.2838905192847443,0.08090226671916959,0.28425358786922666,-0.02383138468379621,0.2834168924209775,0.11461356889436998,0.01620901299910792,0.2838905192847443,-0.02598807873874344,0.26777063941285884,-0.02383138468379621,-0.022226742367084402,0.06870528887085971,0.1938342771002053,0.012871757096972981,0.1804303302613621,0.012871757096972981,-1.4661469054243454,0.016957212364556044,1.689815322331444
61,57374.27464287332,2936.147183342837,0.17034479557035498,0.012964564095095499,0.2892493279132966,0.04241165059557693,0.26148199049169085,0.10229312373826849,0.26190012829790016,-0.05357251841104621,0.26327012274221206,0.0883233121750577,-0.049729789962544374,0.26148199049169085,-0.05067505660739276,0.2533823027750645,-0.05357251841104621,0.02776733742160573,0.09308670720296969,0.17034479557035498,0.012964564095095499,0.17817783130426557,0.012964564095095499,-1.410837446478471,0.01646891372388281,1.6945425019933629
62,57374.27519976315,2984.2624643817544,0.17034479557035498,0.013019310490468665,0.10001078645802433,0.043546506036389196,0.1619100703885145,0.06738210965271901,0.16211903436599157,-0.004525744549122558,0.16409220894852383,0.14011598591926938,0.07407222991697061,0.1619100703885145,-0.007873825674654514,0.16366824962033727,-0.004525744549122558,-0.061899283930490163,0.05142033171104371,0.17034479557035498,0.013019310490468665,0.1809882501316974,0.013019310490468665,-1.4060373553752452,0.017889180857707257,1.6992330364589283
63,57374.27576775117,3033.336629276164,0.16912043792766954,0.013172002539782235,0.22612720853770416,0.043410581642146714,0.1938342771002053,0.07756919837466002,0.19395149978157544,-0.02875092977779728,0.19487079759752296,0.05346863494817309,-0.040084217966783256,0.1938342771002053,-0.020873957229792572,0.18485449723661843,-0.02875092977779728,0.03229293143749886,0.06428453887193929,0.16912043792766954,0.013172002539782235,0.16963465993520924,0.013172002539782235,-1.4123038110750024,0.01729987060973548,1.7040483310821626
64,57374.27631999655,3081.0506300535053,0.16912043792766954,0.013267627425999252,0.16339506238158033,0.04503659265229196,0.16912043792766954,0.0879311727205417,0.1672173383540207,-0.03579751112092398,0.17565381707351055,0.1041027531783382,0.010010436430937915,0.16912043792766954,-0.030485566071365156,0.1625147482806428,-0.03579751112092398,-0.005725375546089198,0.07552215872365711,0.16912043792766954,0.013267627425999252,0.16822844987517602,0.013267627425999252,-1.3251109286404876,0.019886569786126688,1.7087639191424773
65,57374.27686898457,3128.483195020817,0.1619100703885145,0.013454657895108886,0.00507163556746914,0.04391747255970422,0.03703905274388861,0.0967304312401541,0.034894191617293555,-0.009522657509454684,0.02514729132139545,0.11902691541996308,0.028906276697125366,0.03703905274388861,-0.04226855839586192,0.01725110490968531,-0.009522657509454684,-0.031967417176419474,0.08618603095556614,0.1619100703885145,0.013454657895108886,0.15708323069317445,0.013454657895108886,-1.2610988828963663,0.019606745051126383,1.7134843994834223
66,57374.27742377308,3176.416922151111,0.14261488324183946,0.013505208545428532,0.13899531185456965,0.044865788942826175,0.17034479557035498,0.06628786736808333,0.1711880781068197,0.002677555057152052,0.17844960304502608,0.10374210876347734,0.03838148731618944,0.17034479557035498,-0.003931161194927139,0.1663181462616753,0.002677555057152052,-0.031349483715785345,0.048796950137753314,0.14261488324183946,0.013505208545428532,0.14214304034366013,0.013505208545428532,-1.177123542317382,0.021379247059186274,1.7182855719301344
67,57374.27798534015,3224.936317373067,0.14261488324183946,0.013534648733400876,0.05517241925211093,0.043236619155363656,0.14261488324183946,0.07810382938524461,0.1481255048682952,-0.016659375975232794,0.14535377011142425,0.17800979446162596,0.0967932197852324,0.14261488324183946,-0.021808003440616106,0.1457763451138227,-0.016659375975232794,-0.08744246398972852,0.06504462259597976,0.14261488324183946,0.013534648733400876,0.13552437173427687,0.013534648733400876,-1.1512024807210093,0.01947632750993804,1.7231806464631985
68,57374.27854554909,3273.3383695129305,0.1395462993930386,0.013557642633429816,0.06579704937630844,0.04712662588939784,0.08978922042884173,0.07484055659985296,0.09502579029132247,-0.001973321780907783,0.101361641661161,0.12076948256325291,0.04128345766549049,0.08978922042884173,-0.011012775934636551,0.08996430373681033,-0.001973321780907783,-0.023992171052533293,0.05813940182403439,0.1395462993930386,0.013557642633429816,0.1309871180940416,0.013557642633429816,-1.0283351090092019,0.02517178747171299,1.7280974328634324
69,57374.27909352589,3320.683565083891,0.12954736241656278,0.014267617855956738,0.0651026546576712,0.045507732402110326,0.07834399105413095,0.08393819186473563,0.0782132505234572,-0.0216824125215951,0.08336524984587751,0.10930210427459104,0.014273775839151456,0.07834399105413095,-0.02502358223996258,0.0689365645131305,-0.0216824125215951,-0.013241336396459752,0.0705313146420729,0.12954736241656278,0.014267617855956738,0.12470240219342521,0.014267617855956738,-1.0868269649916122,0.02199647692937217,1.7329402230168047
70,57374.27964990046,3368.754328158684,0.11954842544008695,0.01504240805626787,0.08470084075093641,0.04867057910580584,0.1395462993930386,0.08381256185198722,0.14115207598031965,-0.014402493141869227,0.14768802074671972,0.1558294842147759,0.05309747325376536,0.1395462993930386,-0.01956225942300431,0.14316091491119243,-0.014402493141869227,-0.05484545864210218,0.06823283852881015,0.11954842544008695,0.01504240805626787,0.1197670648896203,0.01504240805626787,-1.0824422091683328,0.024542271772436133,1.7378910486456833
71,57374.28020356769,3416.591176413931,0.12954736241656278,0.016007543560869544,0.05831989837411134,0.0446056446426287,0.11954842544008695,0.06340863257031788,0.12194092593100186,0.0034622674613494983,0.11957318869591138,0.1368460222305217,0.08012385458343488,0.11954842544008695,-0.0004608745312891724,0.11557877037849587,0.0034622674613494983,-0.06122852706597561,0.04506651917391787,0.12954736241656278,0.016007543560869544,0.13010806640783676,0.016007543560869544,-1.0370074366974844,0.021652489096634017,1.7428523592350955
72,57374.28076088991,3464.7438164334744,0.11954842544008695,0.017134827784571042,0.18350206264501773,0.04353241530683117,0.18867663578847502,0.07285230211413864,0.1877015530122059,-0.0037537268527537138,0.18897691434707242,0.08251287326677352,0.008055705973378367,0.18867663578847502,-0.014883222504317478,0.18550678647320454,-0.0037537268527537138,-0.00517457314345728,0.05841563781114865,0.11954842544008695,0.017134827784571042,0.12435996224176273,0.017134827784571042,-0.9877164455543426,0.020976106721745085,1.7478801480026815
73,57374.281315415705,3512.654845160432,0.11577435289300667,0.018646647450496986,0.12261309685674265,0.04440355884527472,0.11200028034592639,0.08840223450754302,0.11138614018428265,-0.04377524196439801,0.10639730055748334,0.0783391305606129,-0.02542923476813254,0.11200028034592639,-0.032037784862177565,0.1094302257928636,-0.04377524196439801,0.010612816510816256,0.07644134370745229,0.11577435289300667,0.018646647450496986,0.1213174754084166,0.018646647450496986,-1.0202463865883118,0.021595994165334056,1.752918955119076
