1.0,4.47679565928e-197,0.0,0.0,0.0
2.5005005005,5.42810978347e-74,1.15876136411e-239,0.0,0.0
4.001001001,9.43128982148e-44,6.68618752674e-147,0.0,0.0
5.5015015015,3.09992934699e-30,5.73649243527e-105,0.0,0.0
7.002002002,1.2201412917e-22,3.90149774438e-81,0.0,0.0
8.5025025025,8.27927707614e-18,8.49617825464e-66,0.0,0.0
10.003003003,1.74688848248e-14,4.05394839893e-55,0.0,0.0
11.5035035035,4.53588912214e-12,2.87122522459e-47,0.0,0.0
13.004004004,3.02761509261e-10,2.90972275381e-41,0.0,0.0
14.5045045045,7.98144838843e-09,1.58873982295e-36,0.0,0.0
16.005005005,1.08523818919e-07,1.06883834829e-32,0.0,0.0
17.5055055055,9.0611739125e-07,1.5243287537e-29,0.0,0.0
19.006006006,5.23122477796e-06,6.67570975277e-27,0.0,0.0
20.5065065065,2.27005317325e-05,1.16628199768e-24,0.0,0.0
22.007007007,7.8650485953e-05,9.82862415424e-23,0.0,0.0
23.5075075075,0.000227517303291,4.60137689779e-21,0.0,0.0
25.008008008,0.000568390734306,1.33201967703e-19,0.0,0.0
26.5085085085,0.00125859077015,2.58991326454e-18,0.0,0.0
28.009009009,0.00252083016727,3.60899955136e-17,0.0,0.0
29.5095095095,0.00464095235514,3.79507013949e-16,0.0,0.0
31.01001001,0.00795562025156,3.13920466305e-15,0.0,0.0
32.5105105105,0.0128316701154,2.11283520667e-14,0.0,0.0
34.011011011,0.0196404104771,1.18966534426e-13,0.0,0.0
35.5115115115,0.0287306878994,5.73464546097e-13,0.0,0.0
37.012012012,0.0404041952257,2.41258132985e-12,0.0,0.0
38.5125125125,0.0548955940926,9.00336023234e-12,0.0,0.0
40.013013013,0.072358912258,3.02175514983e-11,0.0,0.0
41.5135135135,0.0928606277881,9.22902922774e-11,0.0,0.0
43.014014014,0.116379024291,2.59109864259e-10,0.0,0.0
44.5145145145,0.142808851934,6.74579898571e-10,0.0,0.0
46.015015015,0.17197004588,1.64094601466e-09,0.0,0.0
47.5155155155,0.203619186831,3.75435839154e-09,0.0,0.0
49.016016016,0.237462474157,8.12588830876e-09,0.0,0.0
50.5165165165,0.273169159886,1.67228440451e-08,0.0,0.0
52.017017017,0.310384611846,3.28704331786e-08,0.0,0.0
53.5175175175,0.34874240012,6.19564383587e-08,0.0,0.0
55.018018018,0.387875009255,1.12380607082e-07,0.0,0.0
56.5185185185,0.427422956493,1.96785234621e-07,0.0,0.0
58.019019019,0.467042238496,3.3359374342e-07,0.0,0.0
59.5195195195,0.506410135907,5.48870255574e-07,0.0,0.0
61.02002002,0.545229479824,8.78496035436e-07,0.0,0.0
62.5205205205,0.58323153191,1.37063945881e-06,0.0,0.0
64.021021021,0.620177655622,2.08847630009e-06,0.0,0.0
65.5215215215,0.655859965251,3.11309814899e-06,0.0,0.0
67.022022022,0.690101136629,4.54653011466e-06,0.0,0.0
68.5225225225,0.722753552433,6.51476585696e-06,0.0,0.0
70.023023023,0.753697939027,9.17071929026e-06,0.0,0.0
71.5235235235,0.782841633177,1.2696988542e-05,0.0,0.0
73.024024024,0.810116597453,1.73083290424e-05,0.0,0.0
74.5245245245,0.835477283976,2.32537387441e-05,0.0,0.0
76.025025025,0.858898428113,3.08180688956e-05,0.0,0.0
77.5255255255,0.880372837353,4.03230877663e-05,0.0,0.0
79.026026026,0.899909226029,5.21279413647e-05,0.0,0.0
80.5265265265,0.917530134013,6.66289735252e-05,0.0,0.0
82.027027027,0.933269956811,8.42588868429e-05,0.0,0.0
83.5275275275,0.947173105617,0.000105485244892,0.0,0.0
85.028028028,0.959292308617,0.000130808334218,0.0,0.0
86.5285285285,0.96968705903,0.000160758421072,0.0,0.0
88.029029029,0.97842221081,0.000195892452306,0.0,0.0
89.5295295295,0.985566719434,0.000236790261868,0.0,0.0
91.03003003,0.991192522635,0.000284050353779,0.0,0.0
92.5305305305,0.995373554073,0.000338285339262,0.0,0.0
94.031031031,0.998184881716,0.000400117109852,0.0,0.0
95.5315315315,0.999701961939,0.000470171830021,0.0,0.0
97.032032032,1.0,0.000549074832311,0.0,0.0
98.5325325325,0.999153407471,0.000637445495411,0.0,0.0
100.033033033,0.99723534735,0.00073589218141,0.0,0.0
101.533533534,0.994317357924,0.000845007302829,0.0,0.0
103.034034034,0.990469046855,0.000965362583389,0.0,0.0
104.534534535,0.985757847501,0.001097504569,0.0,0.0
106.035035035,0.980248830037,0.00124195043759,0.0,0.0
107.535535536,0.974004560492,0.00139918414812,0.0,0.0
109.036036036,0.967085001454,0.00156965296117,0.0,0.0
110.536536537,0.959547448727,0.00175376435524,0.0,0.0
112.037037037,0.951446498784,0.00195188335549,0.0,0.0
113.537537538,0.942834042419,0.00216433028429,0.0,0.0
115.038038038,0.933759280444,0.00239137893653,0.0,0.0
116.538538539,0.92426875779,0.00263325517633,0.0,0.0
118.039039039,0.914406412766,0.00289013594685,0.0,0.0
119.53953954,0.904213638626,0.00316214867991,0.0,0.0
121.04004004,0.89372935496,0.0034493710884,0.0,0.0
122.540540541,0.882990086735,0.00375183132105,0.0,0.0
124.041041041,0.872030049107,0.00406950845661,0.0,0.0
125.541541542,0.860881236393,0.00440233331233,0.0,0.0
127.042042042,0.849573513808,0.00475018954035,0.0,0.0
128.542542543,0.838134710791,0.00511291498447,0.0,0.0
130.043043043,0.82659071492,0.00549030326953,0.0,0.0
131.543543544,0.814965565589,0.00588210559536,0.0,0.0
133.044044044,0.803281546743,0.00628803270769,0.0,0.0
134.544544545,0.791559278097,0.00670775701913,0.0,0.0
136.045045045,0.779817804394,0.00714091485391,0.0,0.0
137.545545546,0.768074682316,0.00758710879153,0.0,0.0
139.046046046,0.756346064758,0.00804591008544,0.0,0.0
140.546546547,0.744646782269,0.00851686113455,0.0,0.0
142.047047047,0.732990421473,0.00899947798663,0.0,0.0
143.547547548,0.72138940038,0.00949325285432,0.0,0.0
145.048048048,0.709855040519,0.00999765662619,0.0,0.0
146.548548549,0.698397635857,0.0105121413567,0.0,0.0
148.049049049,0.687026518517,0.0110361427206,0.0,0.0
149.54954955,0.675750121315,0.011569082419,0.0,0.0
151.05005005,0.664576037159,0.0121103705259,0.0,0.0
152.550550551,0.653511075388,0.0126594077646,0.0,0.0
154.051051051,0.642561315115,0.0132155877064,0.0,0.0
155.551551552,0.631732155665,0.0137782988843,0.0,0.0
157.052052052,0.621028364213,0.0143469268152,0.0,0.0
158.552552553,0.610454120705,0.0149208559267,0.0,0.0
160.053053053,0.600013060187,0.0154994713841,0.0,0.0
161.553553554,0.589708312637,0.0160821608162,0.0,0.0
163.054054054,0.579542540412,0.0166683159364,0.0,0.0
164.554554555,0.569517973419,0.0172573340602,0.0,0.0
166.055055055,0.559636442121,0.0178486195176,0.0,0.0
167.555555556,0.549899408484,0.0184415849616,0.0,0.0
169.056056056,0.540307994956,0.0190356525737,0.0,0.0
170.556556557,0.530863011608,0.0196302551683,0.0,0.0
172.057057057,0.521564981507,0.020224837198,0.0,0.0
173.557557558,0.512414164432,0.0208188556627,0.0,0.0
175.058058058,0.503410579028,0.0214117809242,0.0,0.0
176.558558559,0.494554023473,0.0220030974317,0.0,0.0
178.059059059,0.485844094753,0.0225923043588,0.0,0.0
179.55955956,0.47728020663,0.0231789161582,0.0,0.0
181.06006006,0.468861606372,0.0237624630355,0.0,0.0
182.560560561,0.460587390316,0.0243424913478,0.0,0.0
184.061061061,0.452456518352,0.0249185639298,0.0,0.0
185.561561562,0.444467827378,0.0254902603517,0.0,0.0
187.062062062,0.436620043791,0.0260571771129,0.0,0.0
188.562562563,0.428911795088,0.0266189277746,0.0,0.0
190.063063063,0.421341620615,0.0271751430371,0.0,0.0
191.563563564,0.413907981531,0.0277254707627,0.0,0.0
193.064064064,0.406609270037,0.0282695759507,0.0,0.0
194.564564565,0.399443817904,0.0288071406662,0.0,0.0
196.065065065,0.392409904368,0.0293378639271,0.0,0.0
197.565565566,0.385505763414,0.0298614615529,0.0,0.0
199.066066066,0.378729590498,0.0303776659773,0.0,0.0
200.566566567,0.372079548744,0.0308862260296,0.0,0.0
202.067067067,0.365553774653,0.0313869066866,0.0,0.0
203.567567568,0.359150383353,0.0318794887976,0.0,0.0
205.068068068,0.35286747342,0.0323637687874,0.0,0.0
206.568568569,0.346703131308,0.0328395583372,0.0,0.0
208.069069069,0.340655435406,0.0333066840477,0.0,0.0
209.56956957,0.334722459749,0.0337649870859,0.0,0.0
211.07007007,0.328902277414,0.0342143228186,0.0,0.0
212.570570571,0.323192963614,0.0346545604336,0.0,0.0
214.071071071,0.31759259852,0.0350855825518,0.0,0.0
215.571571572,0.31209926982,0.0355072848306,0.0,0.0
217.072072072,0.306711075046,0.0359195755622,0.0,0.0
218.572572573,0.301426123677,0.0363223752661,0.0,0.0
220.073073073,0.296242539032,0.0367156162792,0.0,0.0
221.573573574,0.291158459983,0.0370992423443,0.0,0.0
223.074074074,0.286172042483,0.0374732081973,0.0,0.0
224.574574575,0.281281460933,0.037837479156,0.0,0.0
226.075075075,0.2764849094,0.0381920307097,0.0,0.0
227.575575576,0.271780602695,0.0385368481125,0.0,0.0
229.076076076,0.267166777319,0.0388719259794,0.0,0.0
230.576576577,0.262641692292,0.0391972678869,0.0,0.0
232.077077077,0.258203629873,0.0395128859792,0.0,0.0
233.577577578,0.253850896176,0.0398188005795,0.0,0.0
235.078078078,0.249581821697,0.0401150398081,0.0,0.0
236.578578579,0.245394761747,0.0404016392073,0.0,0.0
238.079079079,0.241288096814,0.0406786413731,0.0,0.0
239.57957958,0.237260232852,0.0409460955952,0.0,0.0
241.08008008,0.233309601494,0.0412040575048,0.0,0.0
242.580580581,0.229434660217,0.0414525887306,0.0,0.0
244.081081081,0.225633892442,0.0416917565635,0.0,0.0
245.581581582,0.221905807586,0.0419216336297,0.0,0.0
247.082082082,0.218248941066,0.0421422975734,0.0,0.0
248.582582583,0.214661854263,0.0423538307477,0.0,0.0
250.083083083,0.211143134449,0.0425563199152,0.0,0.0
251.583583584,0.207691394669,0.0427498559576,0.0,0.0
253.084084084,0.204305273604,0.042934533594,0.0,0.0
254.584584585,0.200983435398,0.0431104511091,0.0,0.0
256.085085085,0.197724569461,0.0432777100903,0.0,0.0
257.585585586,0.194527390246,0.0434364151735,0.0,0.0
259.086086086,0.191390637013,0.0435866737984,0.0,0.0
260.586586587,0.188313073566,0.0437285959727,0.0,0.0
262.087087087,0.185293487976,0.0438622940444,0.0,0.0
263.587587588,0.182330692293,0.0439878824843,0.0,0.0
265.088088088,0.179423522243,0.0441054776751,0.0,0.0
266.588588589,0.176570836909,0.0442151977109,0.0,0.0
268.089089089,0.173771518415,0.0443171622034,0.0,0.0
269.58958959,0.171024471585,0.0444114920975,0.0,0.0
271.09009009,0.168328623612,0.0444983094935,0.0,0.0
272.590590591,0.165682923708,0.0445777374783,0.0,0.0
274.091091091,0.163086342756,0.0446498999635,0.0,0.0
275.591591592,0.160537872959,0.0447149215313,0.0,0.0
277.092092092,0.158036527482,0.0447729272867,0.0,0.0
278.592592593,0.155581340095,0.0448240427183,0.0,0.0
280.093093093,0.153171364816,0.0448683935645,0.0,0.0
281.593593594,0.150805675547,0.0449061056869,0.0,0.0
283.094094094,0.148483365722,0.0449373049502,0.0,0.0
284.594594595,0.146203547942,0.0449621171081,0.0,0.0
286.095095095,0.143965353624,0.0449806676956,0.0,0.0
287.595595596,0.14176793264,0.0449930819269,0.0,0.0
289.096096096,0.139610452969,0.0449994845989,0.0,0.0
290.596596597,0.137492100344,0.045,0.0,0.0
292.097097097,0.135412077905,0.0449947518252,0.0,0.0
293.597597598,0.133369605855,0.0449838630947,0.0,0.0
295.098098098,0.131363921118,0.0449674560791,0.0,0.0
296.598598599,0.129394277006,0.0449456522277,0.0,0.0
298.099099099,0.12745994288,0.0449185721027,0.0,0.0
299.5995996,0.125560203827,0.0448863353171,0.0,0.0
301.1001001,0.123694360333,0.0448490604768,0.0,0.0
302.600600601,0.121861727961,0.0448068651272,0.0,0.0
304.101101101,0.120061637039,0.0447598657032,0.0,0.0
305.601601602,0.118293432349,0.0447081774831,0.0,0.0
307.102102102,0.11655647282,0.0446519145462,0.0,0.0
308.602602603,0.114850131228,0.0445911897338,0.0,0.0
310.103103103,0.113173793897,0.044526114613,0.0,0.0
311.603603604,0.111526860414,0.0444567994447,0.0,0.0
313.104104104,0.109908743338,0.0443833531532,0.0,0.0
314.604604605,0.108318867922,0.0443058832999,0.0,0.0
316.105105105,0.106756671833,0.0442244960591,0.0,0.0
317.605605606,0.105221604889,0.0441392961964,0.0,0.0
319.106106106,0.103713128784,0.0440503870498,0.0,0.0
320.606606607,0.102230716833,0.043957870513,0.0,0.0
322.107107107,0.100773853717,0.0438618470212,0.0,0.0
323.607607608,0.0993420352265,0.0437624155386,0.0,0.0
325.108108108,0.097934768023,0.0436596735486,0.0,0.0
326.608608609,0.0965515693926,0.0435537170448,0.0,0.0
328.109109109,0.0951919670123,0.0434446405254,0.0,0.0
329.60960961,0.0938554987186,0.0433325369879,0.0,0.0
331.11011011,0.0925417122806,0.0432174979261,0.0,0.0
332.610610611,0.0912501651784,0.0430996133288,0.0,0.0
334.111111111,0.0899804243864,0.0429789716795,0.0,0.0
335.611611612,0.0887320661602,0.0428556599579,0.0,0.0
337.112112112,0.0875046758286,0.0427297636422,0.0,0.0
338.612612613,0.0862978475905,0.0426013667134,0.0,0.0
340.113113113,0.0851111843153,0.0424705516599,0.0,0.0
341.613613614,0.0839442973483,0.0423373994838,0.0,0.0
343.114114114,0.0827968063198,0.0422019897078,0.0,0.0
344.614614615,0.0816683389588,0.0420644003837,0.0,0.0
346.115115115,0.080558530911,0.0419247081005,0.0,0.0
347.615615616,0.0794670255598,0.0417829879952,0.0,0.0
349.116116116,0.0783934738527,0.0416393137626,0.0,0.0
350.616616617,0.0773375341303,0.0414937576666,0.0,0.0
352.117117117,0.07629887196,0.0413463905525,0.0,0.0
353.617617618,0.075277159973,0.0411972818594,0.0,0.0
355.118118118,0.0742720777053,0.0410464996332,0.0,0.0
356.618618619,0.0732833114417,0.0408941105402,0.0,0.0
358.119119119,0.0723105540642,0.0407401798814,0.0,0.0
359.61961962,0.071353504903,0.040584771607,0.0,0.0
361.12012012,0.0704118695917,0.0404279483313,0.00100307769143,0.0
362.620620621,0.0694853599251,0.0402697713482,0.0010192643681,0.0
364.121121121,0.0685736937206,0.0401103006466,0.00176964000469,0.0
365.621621622,0.0676765946828,0.0399495949265,0.0031202163873,0.0
367.122122122,0.0667937922715,0.0397877116154,0.00460513729704,0.0
368.622622623,0.0659250215716,0.0396247068843,0.00709018284839,0.0
370.123123123,0.0650700231679,0.0394606356647,0.0099733613974,0.0
371.623623624,0.0642285430207,0.0392955516656,0.0141576735901,0.0
373.124124124,0.0634003323459,0.0391295073899,0.0185006762275,0.0
374.624624625,0.0625851474973,0.038962554152,0.024184926177,0.0
376.125125125,0.0617827498513,0.0387947420948,0.0327046911417,0.0
377.625625626,0.0609929056946,0.0386261202072,0.043904432871,0.0
379.126126126,0.0602153861148,0.0384567363411,0.053502092913,0.0
380.626626627,0.0594499668931,0.0382866372292,0.0598682326895,0.0
382.127127127,0.0586964283996,0.0381158685021,0.0748661637113,0.0
383.627627628,0.057954555491,0.0379444747058,0.101382203681,0.0
385.128128128,0.0572241374111,0.0377724993193,0.118640413763,0.0
386.628628629,0.0565049676931,0.0375999847717,0.129939554523,0.0
388.129129129,0.055796844064,0.0374269724597,0.168578201285,0.0
389.62962963,0.0550995683525,0.0372535027649,0.233500804008,0.0
391.13013013,0.0544129463972,0.0370796150711,0.292344857341,0.0
392.630630631,0.0537367879586,0.036905347781,0.315388911943,0.0
394.131131131,0.053070906632,0.0367307383337,0.367723238595,0.0
395.631631632,0.0524151197632,0.0365558232217,0.434665435076,0.0
397.132132132,0.0517692483657,0.0363806380073,0.463256480505,0.0
398.632632633,0.0511331170401,0.0362052173397,0.468112149394,0.0
400.133133133,0.0505065538948,0.0360295949712,0.512560093466,0.0
401.633633634,0.04988939047,0.0358538037742,0.568877371854,0.0
403.134134134,0.0492814616614,0.035677875757,0.576205266158,0.0
404.634634635,0.0486826056476,0.0355018420802,0.573680629209,0.0
406.135135135,0.0480926638178,0.0353257330726,0.60534927082,0.0
407.635635636,0.047511480702,0.0351495782472,0.659124412711,0.0
409.136136136,0.0469389039027,0.0349734063166,0.671453674895,0.0
410.636636637,0.0463747840278,0.0347972452087,0.648517952286,0.0
412.137137137,0.0458189746254,0.0346211220821,0.649876178339,0.0
413.637637638,0.0452713321201,0.0344450633411,0.69066145722,0.0
415.138138138,0.0447317157506,0.0342690946504,0.745010687729,0.0
416.638638639,0.0441999875092,0.0340932409505,0.766915964828,0.0
418.139139139,0.0436760120816,0.0339175264719,0.76976567318,0.0
419.63963964,0.0431596567899,0.0337419747494,0.773530618494,0.0
421.14014014,0.042650791535,0.0335666086366,0.782266107413,0.0
422.640640641,0.0421492887415,0.0333914503197,0.789287534035,0.0
424.141141141,0.0416550233039,0.0332165213315,0.79745621536,0.0
425.641641642,0.0411678725332,0.0330418425648,0.812369581536,0.0
427.142142142,0.0406877161056,0.0328674342859,0.831675947032,0.0
428.642642643,0.040214436012,0.032693316148,0.836319378763,0.0
430.143143143,0.0397479165084,0.0325195072041,0.824671079063,0.0
431.643643644,0.0392880440681,0.0323460259196,0.815250095635,0.0
433.144144144,0.0388347073347,0.0321728901855,0.826701807709,0.0
434.644644645,0.0383877970756,0.0320001173301,0.85335868321,0.0
436.145145145,0.0379472061376,0.0318277241318,0.87087680385,0.0
437.645645646,0.0375128294027,0.0316557268311,0.866053582638,0.0
439.146146146,0.0370845637454,0.0314841411421,0.852220871274,0.0
440.646646647,0.0366623079905,0.0313129822643,0.852432359718,0.0
442.147147147,0.0362459628724,0.0311422648943,0.870776015199,0.0
443.647647648,0.0358354309949,0.0309720032366,0.894488700104,0.0
445.148148148,0.0354306167925,0.0308022110151,0.906241101239,0.0
446.648648649,0.0350314264913,0.0306329014837,0.904337474723,0.0
448.149149149,0.0346377680725,0.030464087437,0.901854331674,0.0
449.64964965,0.0342495512354,0.0302957812208,0.90939233488,0.0
451.15015015,0.033866687362,0.0301279947428,0.922752221948,0.0
452.650650651,0.0334890894818,0.0299607394819,0.932993389914,0.0
454.151151151,0.0331166722379,0.0297940264989,0.932665017253,0.0
455.651651652,0.0327493518535,0.0296278664458,0.928279031108,0.0
457.152152152,0.0323870460997,0.0294622695757,0.929062390518,0.0
458.652652653,0.0320296742632,0.029297245752,0.941996348946,0.0
460.153153153,0.0316771571154,0.0291328044575,0.955702235838,0.0
461.653653654,0.0313294168818,0.0289689548036,0.96140183459,0.0
463.154154154,0.0309863772126,0.0288057055395,0.956707470282,0.0
464.654654655,0.0306479631529,0.0286430650602,0.950406586055,0.0
466.155155155,0.0303141011153,0.0284810414156,0.950874091159,0.0
467.655655656,0.0299847188509,0.0283196423187,0.960515181934,0.0
469.156156156,0.0296597454231,0.0281588751535,0.973853360062,0.0
470.656656657,0.0293391111803,0.0279987469838,0.977809546247,0.0
472.157157157,0.0290227477306,0.0278392645602,0.970950646263,0.0
473.657657658,0.0287105879154,0.0276804343286,0.959508160732,0.0
475.158158158,0.0284025657856,0.0275222624371,0.955305495495,0.0
476.658658659,0.0280986165765,0.027364754744,0.961939341814,0.0
478.159159159,0.0277986766843,0.0272079168247,0.979349105944,0.0
479.65965966,0.027502683643,0.027051753979,0.992584993761,0.0
481.16016016,0.0272105761013,0.026896271238,1.0,0.0
482.660660661,0.0269222938006,0.026741473371,0.996807542581,0.0
484.161161161,0.0266377775531,0.0265873648919,0.990200210416,0.0
485.661661662,0.0263569692207,0.0264339500665,0.987780442623,0.0
487.162162162,0.0260798116939,0.0262812329181,0.990924087188,0.0
488.662662663,0.0258062488716,0.026129217234,0.995442073017,0.0
490.163163163,0.0255362256411,0.025977906572,0.999042795043,0.0
491.663663664,0.0252696878589,0.0258273042662,0.997226853659,0.0
493.164164164,0.0250065823308,0.0256774134328,0.99335593947,0.0
494.664664665,0.0247468567944,0.0255282369758,0.988554627786,0.0
496.165165165,0.0244904598999,0.0253797775931,0.986156994344,0.0
497.665665666,0.0242373411926,0.0252320377814,0.985981752709,0.0
499.166166166,0.0239874510954,0.0250850198422,0.985121326173,0.0
500.666666667,0.0237407408916,0.0249387258865,0.983116925978,0.0
502.167167167,0.0234971627083,0.0247931578406,0.979771120549,0.0
503.667667668,0.0232566695,0.0246483174507,0.975790728092,0.0
505.168168168,0.0230192150324,0.0245042062878,0.974032932686,0.0
506.668668669,0.0227847538667,0.024360825753,0.972472910286,0.0
508.169169169,0.0225532413447,0.0242181770818,0.97109092165,0.0
509.66966967,0.0223246335731,0.024076261349,0.966806238488,0.0
511.17017017,0.0220988874092,0.0239350794729,0.961133474114,0.0
512.670670671,0.0218759604464,0.02379463222,0.953537280785,0.0
514.171171171,0.0216558110001,0.0236549202094,0.94840887919,0.0
515.671671672,0.021438398094,0.0235159439167,0.944465703626,0.0
517.172172172,0.0212236814463,0.0233777036783,0.942333118074,0.0
518.672672673,0.0210116214568,0.0232401996956,0.941359644243,0.0
520.173173173,0.0208021791938,0.0231034320386,0.938687660526,0.0
521.673673674,0.0205953163813,0.0229674006499,0.931471483266,0.0
523.174174174,0.0203909953871,0.0228321053488,0.923743218354,0.0
524.674674675,0.0201891792098,0.0226975458344,0.915591964865,0.0
526.175175175,0.0199898314676,0.0225637216896,0.908570406592,0.0
527.675675676,0.0197929163865,0.0224306323843,0.901925269876,0.0
529.176176176,0.0195983987886,0.0222982772794,0.896725144382,0.0
530.676676677,0.0194062440812,0.0221666556293,0.89065806151,0.0
532.177177177,0.019216418246,0.0220357665861,0.883777723453,0.0
533.677677678,0.0190288878278,0.021905609202,0.876812106656,0.0
535.178178178,0.0188436199247,0.0217761824329,0.867180863225,0.0
536.678678679,0.0186605821773,0.0216474851412,0.857230806759,0.0
538.179179179,0.0184797427588,0.021519516099,0.848107145127,0.0
539.67967968,0.0183010703653,0.0213922739908,0.836843462523,0.0
541.18018018,0.0181245342058,0.0212657574165,0.827038230183,0.0
542.680680681,0.0179501039933,0.021139964894,0.81643647631,0.0
544.181181181,0.0177777499346,0.021014894862,0.806877753642,0.0
545.681681682,0.0176074427223,0.0208905456827,0.799294436155,0.0
547.182182182,0.017439153525,0.020766915644,0.78990889359,0.0
548.682682683,0.0172728539793,0.0206440029627,0.779185845939,0.0
550.183183183,0.0171085161805,0.0205218057863,0.76786394347,0.0
551.683683684,0.0169461126751,0.0204003221957,0.755871708681,0.0
553.184184184,0.0167856164517,0.0202795502075,0.743524671252,0.0
554.684684685,0.0166270009338,0.0201594877762,0.732116129055,0.0
556.185185185,0.0164702399713,0.0200401327965,0.71777031696,0.0
557.685685686,0.0163153078331,0.0199214831053,0.698545088129,0.0
559.186186186,0.0161621791995,0.0198035364841,0.677566609324,0.0
560.686686687,0.0160108291546,0.0196862906608,0.650510999021,0.0
562.187187187,0.0158612331793,0.0195697433119,0.631512426301,0.0
563.687687688,0.015713367144,0.0194538920643,0.621256516821,0.0
565.188188188,0.0155672073019,0.019338734497,0.579823036023,0.0
566.688688689,0.0154227302816,0.0192242681437,0.411520540823,0.0
568.189189189,0.0152799130811,0.0191104904939,0.198106220671,0.0
569.68968969,0.0151387330605,0.0189973989947,0.0467275724322,0.0
571.19019019,0.0149991679363,0.018884991053,0.0132603197794,0.0
572.690690691,0.0148611957745,0.0187732640368,0.00293378112581,0.000191535225132
574.191191191,0.0147247949848,0.0186622152769,0.0,0.00143465528724
575.691691692,0.0145899443141,0.0185518420687,0.0,0.00267777534934
577.192192192,0.0144566228411,0.0184421416733,0.0,0.00417551002559
578.692692693,0.0143248099699,0.0183331113195,0.0,0.00665931861911
580.193193193,0.0141944854249,0.0182247482049,0.0,0.0112841985569
581.693693694,0.0140656292444,0.0181170494977,0.0,0.0287455460192
583.194194194,0.0139382217761,0.0180100123376,0.0,0.0552139360301
584.694694695,0.0138122436706,0.0179036338378,0.0,0.106319861995
586.195195195,0.013687675877,0.0177979110857,0.0,0.268031735711
587.695695696,0.0135644996374,0.0176928411446,0.0,0.339101975525
589.196196196,0.0134426964817,0.0175884210547,0.0,0.42581577874
590.696696697,0.0133222482226,0.0174846478345,0.0,0.456599951914
592.197197197,0.0132031369509,0.0173815184821,0.0,0.492222975136
593.697697698,0.0130853450308,0.0172790299759,0.0,0.566798079247
595.198198198,0.0129688550948,0.0171771792762,0.0,0.700250044067
596.698698699,0.0128536500393,0.017075963326,0.0,0.756747010803
598.199199199,0.0127397130201,0.0169753790523,0.0,0.819539736682
599.6996997,0.012627027448,0.0168754233668,0.0,0.870544278563
601.2002002,0.0125155769843,0.0167760931673,0.0,0.893142292859
602.700700701,0.0124053455365,0.0166773853385,0.0,0.901782808052
604.201201201,0.0122963172543,0.0165792967528,0.0,0.90428111761
605.701701702,0.0121884765255,0.0164818242716,0.0,0.905505450037
607.202202202,0.0120818079716,0.0163849647456,0.0,0.90643830377
608.702702703,0.0119762964441,0.0162887150166,0.0,0.907371157502
610.203203203,0.0118719270209,0.0161930719172,0.0,0.910266112094
611.703703704,0.0117686850018,0.0160980322728,0.0,0.912046511237
613.204204204,0.0116665559054,0.0160035929014,0.0,0.912046511237
614.704704705,0.011565525465,0.0159097506149,0.0,0.912985088238
616.205205205,0.0114655796252,0.0158165022201,0.0,0.914228512614
617.705705706,0.0113667045386,0.0157238445186,0.0,0.914245980316
619.206206206,0.0112688865616,0.0156317743084,0.0,0.914790522
620.706706707,0.0111721122517,0.0155402883841,0.0,0.917274330594
622.207207207,0.011076368364,0.0154493835377,0.0,0.919063015141
623.707707708,0.0109816418476,0.0153590565591,0.0,0.919995868874
625.208208208,0.0108879198428,0.0152693042371,0.0,0.920844387551
626.708708709,0.0107951896776,0.0151801233596,0.0,0.920844387551
628.209209209,0.0107034388648,0.0150915107146,0.0,0.920844387551
629.70970971,0.0106126550989,0.0150034630904,0.0,0.92266945274
631.21021021,0.0105228262532,0.0149159772763,0.0,0.925153261333
632.710710711,0.0104339403765,0.0148290500632,0.0,0.925243325708
634.211211211,0.0103459856908,0.0147426782444,0.0,0.925243325708
635.711711712,0.010258950588,0.0146568586152,0.0,0.925243325708
637.212212212,0.0101728236272,0.0145715879746,0.0,0.926312130093
638.712712713,0.0100875935323,0.0144868631249,0.0,0.928795938687
640.213213213,0.0100032491889,0.0144026808724,0.0,0.929642263865
641.713713714,0.00991977964171,0.0143190380279,0.0,0.929642263865
643.214214214,0.00983717409243,0.0142359314074,0.0,0.929925518033
644.714714715,0.00975542189667,0.0141533578319,0.0,0.930858371766
646.215215215,0.00967451256176,0.0140713141284,0.0,0.931791225498
647.715715716,0.00959443574417,0.0139897971298,0.0,0.932547739635
649.216216216,0.00951518124721,0.0139088036759,0.0,0.933294159705
650.716716717,0.00943673901859,0.013828330613,0.0,0.934040579774
652.217217217,0.00935909914818,0.0137483747949,0.0,0.934662776324
653.717717718,0.00928225186564,0.013668933083,0.0,0.93528486923
655.218218218,0.0092061875383,0.0135900023464,0.0,0.935906962135
656.718718719,0.00913089666885,0.0135115794627,0.0,0.936932199697
658.219219219,0.00905636989329,0.013433661318,0.0,0.938423943771
659.71971972,0.00898259797872,0.0133562448071,0.0,0.939915687846
661.22022022,0.00890957182135,0.013279326834,0.0,0.940639609258
662.720720721,0.00883728244436,0.0132029043123,0.0,0.940639609258
664.221221221,0.00876572099598,0.013126974165,0.0,0.940639609258
665.721721722,0.00869487874748,0.0130515333253,0.0,0.940639609258
667.222222222,0.00862474709121,0.0129765787363,0.0,0.940639609258
668.722722723,0.00855531753877,0.0129021073518,0.0,0.940639609258
670.223223223,0.00848658171903,0.012828116136,0.0,0.941223261809
671.723723724,0.00841853137641,0.0127546020642,0.0,0.942156115542
673.224224224,0.00835115836899,0.0126815621225,0.0,0.943238683668
674.724724725,0.00828445466678,0.0126089933086,0.0,0.944730427743
676.225225225,0.00821841234996,0.0125368926314,0.0,0.946222171817
677.725725726,0.00815302360717,0.0124652571115,0.0,0.947436477908
679.226226226,0.00808828073383,0.0123940837816,0.0,0.948058570814
680.726726727,0.00802417613049,0.012323369686,0.0,0.94868066372
682.227227227,0.00796070230119,0.0122531118815,0.0,0.949302756625
683.727727728,0.00789785185189,0.0121833074371,0.0,0.949924849531
685.228228228,0.00783561748886,0.0121139534341,0.0,0.950546942436
686.728728729,0.00777399201717,0.0120450469668,0.0,0.951169035342
688.229229229,0.00771296833917,0.0119765851418,0.0,0.951636954651
689.72972973,0.00765253945299,0.011908565079,0.0,0.951636954651
691.23023023,0.00759269845107,0.011840983911,0.0,0.951636954651
692.730730731,0.00753343851874,0.0117738387836,0.0,0.951636954651
694.231231231,0.00747475293278,0.0117071268559,0.0,0.951636954651
695.731731732,0.00741663506006,0.0116408453002,0.0,0.951636954651
697.232232232,0.00735907835613,0.0115749913024,0.0,0.951804375817
698.732732733,0.00730207636392,0.0115095620617,0.0,0.952271016935
700.233233233,0.00724562271238,0.0114445547912,0.0,0.952737658053
701.733733734,0.00718971111521,0.0113799667174,0.0,0.953204299172
703.234234234,0.00713433536957,0.0113157950806,0.0,0.95367094029
704.734734735,0.00707948935481,0.0112520371352,0.0,0.953836423729
706.235235235,0.00702516703125,0.0111886901493,0.0,0.953836423729
707.735735736,0.00697136243898,0.011125751405,0.0,0.953836423729
709.236236236,0.00691806969664,0.0110632181984,0.0,0.953836423729
710.736736737,0.00686528300025,0.0110010878398,0.0,0.953836423729
712.237237237,0.00681299662206,0.0109393576536,0.0,0.954417540769
713.737737738,0.00676120490943,0.0108780249782,0.0,0.955039633675
715.238238238,0.00670990228368,0.0108170871665,0.0,0.955661726581
716.738738739,0.00665908323902,0.0107565415855,0.0,0.955787662112
718.239239239,0.00660874234147,0.0106963856164,0.0,0.95516480637
719.73973974,0.00655887422778,0.0106366166551,0.0,0.954541950628
721.24024024,0.00650947360438,0.0105772321115,0.0,0.953919094887
722.740740741,0.00646053524638,0.0105182294099,0.0,0.953836423729
724.241241241,0.00641205399656,0.0104596059891,0.0,0.953836423729
725.741741742,0.00636402476434,0.0104013593024,0.0,0.954790137728
727.242242242,0.00631644252484,0.0103434868173,0.0,0.956654133535
728.742742743,0.0062693023179,0.0102859860159,0.0,0.958423988892
730.243243243,0.00622259924714,0.0102288543947,0.0,0.959667413267
731.743743744,0.00617632847901,0.0101720894646,0.0,0.960910837643
733.244244244,0.00613048524193,0.0101156887511,0.0,0.962154262018
734.744744745,0.00608506482531,0.0100596497939,0.0,0.963778679214
736.245245245,0.00604006257874,0.0100039701474,0.0,0.965642675021
737.745745746,0.00599547391106,0.00994864738034,0.0,0.967270171885
739.246246246,0.00595129428955,0.0098936790758,0.0,0.968203025617
740.746746747,0.00590751923905,0.0098390628314,0.0,0.96913587935
742.247247247,0.00586414434115,0.00978479625912,0.0,0.970569611977
743.747747748,0.00582116523336,0.00973087698533,0.0,0.972061356052
745.248248248,0.00577857760833,0.00967730265078,0.0,0.973553100126
746.748748749,0.00573637721302,0.00962407091058,0.0,0.973631645436
748.249249249,0.00569455984798,0.00957117943416,0.0,0.973631645436
749.74974975,0.00565312136652,0.00951862590524,0.0,0.973634277063
751.25025025,0.005612057674,0.00946640802186,0.0,0.974567130796
752.750750751,0.00557136472708,0.00941452349629,0.0,0.975499984528
754.251251251,0.00553103853298,0.00936297005501,0.0,0.976175092026
755.751751752,0.00549107514878,0.00931174543872,0.0,0.976708361168
757.252252252,0.00545147068069,0.00926084740225,0.0,0.977241630309
758.752752753,0.00541222128336,0.00921027371459,0.0,0.977774899451
760.253253253,0.00537332315924,0.00916002215879,0.0,0.978354404428
761.753753754,0.00533477255783,0.00911009053196,0.0,0.978976497334
763.254254254,0.00529656577507,0.00906047664522,0.0,0.97959859024
764.754754755,0.00525869915269,0.00901117832367,0.0,0.980220683145
766.255255255,0.00522116907753,0.00896219340632,0.0,0.982065974282
767.755755756,0.00518397198094,0.00891351974609,0.0,0.983929970089
769.256256256,0.00514710433815,0.00886515520973,0.0,0.985793965895
770.756756757,0.00511056266765,0.00881709767779,0.0,0.987065771445
772.257257257,0.0050743435306,0.00876934504456,0.0,0.987599040586
773.757757758,0.00503844353021,0.00872189521805,0.0,0.988132309728
775.258258258,0.0050028593112,0.00867474611991,0.0,0.988665578869
776.758758759,0.00496758755918,0.0086278956854,0.0,0.989027928986
778.259259259,0.00493262500011,0.00858134186332,0.0,0.989027928986
779.75975976,0.00489796839974,0.00853508261599,0.0,0.989027928986
781.26026026,0.00486361456304,0.00848911591917,0.0,0.989027928986
782.760760761,0.00482956033369,0.00844343976201,0.0,0.989615422054
784.261261261,0.00479580259352,0.008398052147,0.0,0.990361842124
785.761761762,0.00476233826203,0.00835295108993,0.0,0.991108262193
787.262262262,0.00472916429579,0.00830813461979,0.0,0.990441994391
788.762762763,0.00469627768805,0.00826360077877,0.0,0.989507424276
790.263263263,0.00466367546811,0.00821934762217,0.0,0.989027928986
791.763763764,0.00463135470094,0.00817537321833,0.0,0.989027928986
793.264264264,0.00459931248662,0.00813167564861,0.0,0.989027928986
794.764764765,0.0045675459599,0.00808825300729,0.0,0.988690086232
796.265265265,0.00453605228972,0.00804510340154,0.0,0.98806723049
797.765765766,0.00450482867875,0.00800222495135,0.0,0.987444374748
799.266266266,0.0044738723629,0.00795961578945,0.0,0.986828459908
800.766766767,0.00444318061093,0.0079172740613,0.0,0.986828459908
802.267267267,0.00441275072397,0.00787519792496,0.0,0.986828459908
803.767767768,0.00438258003509,0.00783338555108,0.0,0.986828459908
805.268268268,0.00435266590885,0.00779183512282,0.0,0.987274096209
806.768768769,0.00432300574094,0.00775054483578,0.0,0.988206949942
808.269269269,0.00429359695768,0.00770951289795,0.0,0.989139803674
809.76976977,0.00426443701567,0.00766873752963,0.0,0.990072657407
811.27027027,0.00423552340137,0.00762821696338,0.0,0.991005511139
812.770770771,0.0042068536307,0.00758794944395,0.0,0.991511941561
814.271271271,0.00417842524862,0.00754793322823,0.0,0.991885288755
815.771771772,0.00415023582882,0.00750816658515,0.0,0.992258635949
817.272272272,0.00412228297324,0.00746864779564,0.0,0.992631983143
818.772772773,0.00409456431176,0.00742937515258,0.0,0.993005330337
820.273273273,0.00406707750183,0.00739034696069,0.0,0.993378677531
821.773773774,0.00403982022808,0.0073515615365,0.0,0.993426867143
823.274274274,0.00401279020196,0.00731301720828,0.0,0.993426867143
824.774774775,0.00398598516141,0.00727471231597,0.0,0.993426867143
826.275275275,0.00395940287051,0.00723664521109,0.0,0.993426867143
827.775775776,0.00393304111911,0.00719881425672,0.0,0.993426867143
829.276276276,0.00390689772252,0.00716121782739,0.0,0.993000198969
830.776776777,0.00388097052117,0.00712385430906,0.0,0.992252680416
832.277277277,0.00385525738025,0.00708672209899,0.0,0.991505161862
833.777777778,0.00382975618946,0.00704981960574,0.0,0.991227398065
835.278278278,0.0038044648626,0.00701314524906,0.0,0.991227398065
836.778778779,0.00377938133735,0.00697669745984,0.0,0.991227398065
838.279279279,0.00375450357486,0.00694047468003,0.0,0.991227398065
839.77977978,0.00372982955955,0.00690447536261,0.0,0.991227398065
841.28028028,0.00370535729871,0.00686869797146,0.0,0.992205090167
842.780780781,0.00368108482229,0.00683314098137,0.0,0.993271068881
844.281281281,0.00365701018254,0.0067978028779,0.0,0.994337047596
845.781781782,0.00363313145378,0.00676268215737,0.0,0.99540302631
847.282282282,0.00360944673205,0.00672777732677,0.0,0.995995221554
848.782782783,0.00358595413491,0.00669308690369,0.0,0.996461862673
850.283283283,0.00356265180109,0.00665860941625,0.0,0.996928503791
851.783783784,0.00353953789027,0.00662434340306,0.0,0.997395144909
853.284284284,0.00351661058279,0.00659028741314,0.0,0.997866923434
854.784784785,0.00349386807939,0.00655644000583,0.0,0.998400192575
856.285285285,0.00347130860094,0.00652279975076,0.0,0.998933461717
857.785785786,0.00344893038821,0.00648936522777,0.0,0.999466730858
859.286286286,0.00342673170159,0.00645613502684,0.0,1.0
860.786786787,0.00340471082086,0.00642310774804,0.0,0.999134998369
862.287287287,0.00338286604493,0.00639028200145,0.0,0.998200428254
863.787787788,0.00336119569161,0.00635765640708,0.0,0.997185781574
865.288288288,0.00333969809737,0.00632522959486,0.0,0.996117561053
866.788788789,0.00331837161707,0.0062930002045,0.0,0.995049340533
868.289289289,0.00329721462381,0.00626096688551,0.0,0.993981120013
869.78978979,0.0032762255086,0.00622912829706,0.0,0.993067203246
871.29029029,0.00325540268022,0.00619748310795,0.0,0.992319684693
872.790790791,0.00323474456495,0.00616602999656,0.0,0.991572166139
874.291291291,0.00321424960636,0.00613476765075,0.0,0.990723867336
875.791791792,0.00319391626509,0.00610369476783,0.0,0.989789297221
877.292292292,0.00317374301867,0.00607281005448,0.0,0.988889392972
878.792792793,0.00315372836127,0.00604211222669,0.0,0.988141874418
880.293293293,0.00313387080348,0.00601160000969,0.0,0.987394355864
881.793793794,0.00311416887218,0.00598127213792,0.0,0.986373901694
883.294294294,0.00309462111026,0.00595112735491,0.0,0.984503040341
884.794794795,0.00307522607647,0.00592116441327,0.0,0.982632178988
886.295295295,0.00305598234518,0.00589138207462,0.0,0.980761317635
887.795795796,0.00303688850624,0.00586177910949,0.0,0.978890456282
889.296296296,0.00301794316475,0.0058323542973,0.0,0.976004875678
890.796796797,0.0029991449409,0.00580310642629,0.0,0.972601049162
892.297297297,0.00298049246974,0.00577403429346,0.0,0.969792170688
893.797797798,0.00296198440105,0.00574513670448,0.0,0.966993303495
895.298298298,0.00294361939914,0.00571641247368,0.0,0.964747442667
896.798798799,0.00292539614265,0.00568786042395,0.0,0.962501581838
898.299299299,0.00290731332442,0.0056594793867,0.0,0.960195841575
899.7997998,0.00288936965125,0.00563126820179,0.0,0.957199152151
901.3003003,0.00287156384381,0.00560322571749,0.0,0.954202462727
902.800800801,0.00285389463641,0.00557535079039,0.0,0.951097580197
904.301301301,0.00283636077687,0.00554764228537,0.0,0.947348953944
905.801801802,0.00281896102633,0.00552009907553,0.0,0.94360032769
907.302302302,0.00280169415911,0.00549272004212,0.0,0.937847838263
908.802802803,0.00278455896252,0.00546550407452,0.0,0.931687904781
910.303303303,0.00276755423676,0.00543845007014,0.0,0.927939278528
911.803803804,0.0027506787947,0.00541155693438,0.0,0.924190652274
913.304304304,0.00273393146177,0.00538482358058,0.0,0.92044202602
914.804804805,0.00271731107579,0.00535824892997,0.0,0.916693399767
916.305305305,0.00270081648683,0.00533183191157,0.0,0.912944773513
917.805805806,0.00268444655705,0.00530557146219,0.0,0.908480266371
919.306306306,0.00266820016059,0.00527946652636,0.0,0.903790156885
920.806806807,0.00265207618338,0.00525351605623,0.0,0.898708062025
922.307307307,0.00263607352301,0.00522771901158,0.0,0.893074729041
923.807807808,0.00262019108865,0.00520207435973,0.0,0.887487282693
925.308308308,0.00260442780081,0.00517658107548,0.0,0.882482958975
926.808808809,0.00258878259128,0.00515123814108,0.0,0.876684878913
928.309309309,0.002573254403,0.00512604454615,0.0,0.869297839037
929.80980981,0.00255784218987,0.00510099928766,0.0,0.862719537461
931.31031031,0.00254254491667,0.00507610136984,0.0,0.856141235886
932.810810811,0.00252736155891,0.00505134980414,0.0,0.848800559918
934.311311311,0.00251229110271,0.00502674360922,0.0,0.841275539809
935.811811812,0.00249733254468,0.0050022818108,0.0,0.835074369644
937.312312312,0.00248248489178,0.00497796344173,0.0,0.830384260157
938.812812813,0.00246774716121,0.00495378754183,0.0,0.825463439716
940.313313313,0.0024531183803,0.0049297531579,0.0,0.818885138141
941.813813814,0.00243859758637,0.00490585934367,0.0,0.812306836565
943.314314314,0.00242418382663,0.00488210515972,0.0,0.806171920163
944.814814815,0.00240987615804,0.00485848967343,0.0,0.800160809425
946.315315315,0.00239567364724,0.00483501195898,0.0,0.794149698687
947.815815816,0.00238157537039,0.00481167109723,0.0,0.783593944287
949.316316316,0.00236758041309,0.00478846617572,0.0,0.774234225488
950.816816817,0.00235368787026,0.0047653962886,0.0,0.765760732037
952.317317317,0.00233989684603,0.0047424605366,0.0,0.757890411418
953.817817818,0.00232620645364,0.00471965802695,0.0,0.751122906287
955.318318318,0.00231261581532,0.00469698787338,0.0,0.744355401155
956.818818819,0.00229912406221,0.004674449196,0.0,0.737263283938
958.319319319,0.00228573033423,0.00465204112133,0.0,0.729738263829
959.81981982,0.00227243378001,0.00462976278221,0.0,0.721984694116
961.32032032,0.00225923355677,0.00460761331776,0.0,0.711926498921
962.820820821,0.00224612883019,0.00458559187333,0.0,0.702731680617
964.321321321,0.0022331187744,0.00456369760046,0.0,0.695206660507
965.821821822,0.00222020257179,0.00454192965684,0.0,0.687681640398
967.322322322,0.00220737941298,0.00452028720625,0.0,0.678566529129
968.822822823,0.00219464849668,0.00449876941854,0.0,0.667237037886
970.323323323,0.00218200902963,0.00447737546953,0.0,0.656760235081
971.823823824,0.0021694602265,0.00445610454103,0.0,0.646702039885
973.324324324,0.0021570013098,0.00443495582077,0.0,0.638977732641
974.824824825,0.00214463150978,0.00441392850234,0.0,0.631452712532
976.325325325,0.00213235006436,0.00439302178517,0.0,0.622820690856
977.825825826,0.00212015621901,0.00437223487447,0.0,0.613396964374
979.326326326,0.00210804922673,0.00435156698119,0.0,0.603022171332
980.826826827,0.00209602834788,0.00433101732199,0.0,0.590027509229
982.327327327,0.00208409285018,0.00431058511918,0.0,0.579651785123
983.827827828,0.00207224200855,0.00429026960069,0.0,0.569276061017
985.328328328,0.00206047510509,0.00427007000003,0.0,0.55528834253
986.828828829,0.00204879142897,0.00424998555622,0.0,0.543911850628
988.329329329,0.00203719027636,0.00423001551379,0.0,0.535121808596
989.82982983,0.00202567095034,0.0042101591227,0.0,0.520962765552
991.33033033,0.00201423276084,0.00419041563835,0.0,0.509065189938
992.830830831,0.00200287502454,0.00417078432148,0.0,0.498689465832
994.331331331,0.00199159706482,0.00415126443816,0.0,0.487533291673
995.831831832,0.00198039821168,0.00413185525976,0.0,0.474929349802
997.332332332,0.00196927780164,0.00411255606288,0.0,0.46193904543
998.832832833,0.00195823517771,0.00409336612934,0.0,0.448979213469
1000.33333333,0.00194726968928,0.00407428474614,0.0,0.436375271599
1001.83383383,0.00193638069207,0.00405531120537,0.0,0.42466022597
1003.33433433,0.00192556754807,0.00403644480426,0.0,0.413330734727
1004.83483483,0.00191482962543,0.00401768484507,0.0,0.403209285582
1006.33533534,0.00190416629843,0.00399903063506,0.0,0.390568895974
1007.83583584,0.0018935769474,0.00398048148649,0.0,0.376963566713
1009.33633634,0.00188306095866,0.00396203671655,0.0,0.361801212761
1010.83683684,0.00187261772444,0.00394369564735,0.0,0.353358726457
1012.33733734,0.00186224664283,0.00392545760582,0.0,0.340405692759
1013.83783784,0.0018519471177,0.00390732192378,0.0,0.32944564047
1015.33833834,0.00184171855864,0.00388928793779,0.0,0.320470806313
1016.83883884,0.00183156038093,0.0038713549892,0.0,0.307057395556
1018.33933934,0.00182147200542,0.00385352242406,0.0,0.298881042475
1019.83983984,0.00181145285851,0.00383578959311,0.0,0.279000077904
1021.34034034,0.0018015023721,0.00381815585174,0.0,0.272342784229
1022.84084084,0.00179161998348,0.00380062055997,0.0,0.266047348574
1024.34134134,0.00178180513531,0.00378318308236,0.0,0.254717857331
1025.84184184,0.00177205727556,0.00376584278806,0.0,0.243388366088
1027.34234234,0.00176237585745,0.0037485990507,0.0,0.234365345969
1028.84284284,0.00175276033937,0.0037314512484,0.0,0.225891852519
1030.34334334,0.00174321018486,0.00371439876371,0.0,0.214264869722
1031.84384384,0.00173372486252,0.0036974409836,0.0,0.201477454644
1033.34434434,0.00172430384599,0.0036805772994,0.0,0.194487982007
1034.84484484,0.00171494661387,0.00366380710682,0.0,0.190739355754
1036.34534535,0.00170565264968,0.00364712980583,0.0,0.179677125522
1037.84584585,0.00169642144179,0.0036305448007,0.0,0.169161612764
1039.34634635,0.00168725248339,0.00361405149996,0.0,0.160428009112
1040.84684685,0.00167814527244,0.00359764931633,0.0,0.153668998733
1042.34734735,0.00166909931158,0.00358133766671,0.0,0.149920372479
1043.84784785,0.00166011410812,0.00356511597216,0.0,0.145940709286
1045.34834835,0.001651189174,0.00354898365786,0.0,0.140307376302
1046.84884885,0.00164232402568,0.00353294015305,0.0,0.136466908517
1048.34934935,0.00163351818416,0.00351698489107,0.0,0.129781040652
1049.84984985,0.00162477117489,0.00350111730924,0.0,0.122256020543
1051.35035035,0.00161608252773,0.0034853368489,0.0,0.116390688954
1052.85085085,0.00160745177692,0.00346964295535,0.0,0.1126420627
1054.35135135,0.00159887846102,0.00345403507782,0.0,0.107185417175
1055.85185185,0.00159036212286,0.00343851266945,0.0,0.100922299329
1057.35235235,0.0015819023095,0.00342307518723,0.0,0.0952407124311
1058.85285285,0.0015734985722,0.00340772209204,0.0,0.0896073794472
1060.35335335,0.00156515046635,0.00339245284853,0.0,0.0855052782351
1061.85385385,0.00155685755143,0.00337726692518,0.0,0.082508588811
1063.35435435,0.00154861939101,0.00336216379419,0.0,0.079511899387
1064.85485485,0.00154043555264,0.00334714293151,0.0,0.0769994081735
1066.35535536,0.00153230560786,0.0033322038168,0.0,0.074753547345
1067.85585586,0.00152422913212,0.00331734593337,0.0,0.0725076865166
1069.35635636,0.00151620570479,0.00330256876819,0.0,0.0691995887088
1070.85685686,0.00150823490905,0.00328787181186,0.0,0.0654509624551
1072.35735736,0.00150031633193,0.00327325455855,0.0,0.0621531446965
1073.85785786,0.00149244956418,0.003258716506,0.0,0.0596571306553
1075.35835836,0.00148463420033,0.00324425715549,0.0,0.0571611166141
1076.85885886,0.00147686983857,0.00322987601182,0.0,0.054665102573
1078.35935936,0.00146915608074,0.00321557258325,0.0,0.0526911687562
1079.85985986,0.00146149253232,0.00320134638152,0.0,0.0508203074031
1081.36036036,0.00145387880233,0.00318719692179,0.0,0.0489494460499
1082.86086086,0.00144631450336,0.00317312372263,0.0,0.0470785846968
1084.36136136,0.0014387992515,0.00315912630598,0.0,0.0453141083553
1085.86186186,0.0014313326663,0.00314520419715,0.0,0.0442458878351
1087.36236236,0.00142391437074,0.00313135692476,0.0,0.0431776673148
1088.86286286,0.0014165439912,0.00311758402076,0.0,0.0421094467946
1090.36336336,0.00140922115743,0.00310388502035,0.0,0.0410204689204
1091.86386386,0.00140194550249,0.00309025946199,0.0,0.0385244548793
1093.36436436,0.00139471666275,0.00307670688739,0.0,0.0360284408381
1094.86486486,0.00138753427783,0.00306322684144,0.0,0.033532426797
1096.36536537,0.00138039799058,0.00304981887223,0.0,0.0314736971339
1097.86586587,0.00137330744704,0.00303648253098,0.0,0.0298705234652
1099.36636637,0.00136626229641,0.00302321737208,0.0,0.0282673497964
1100.86686687,0.00135926219103,0.00301002295301,0.0,0.0266641761277
1102.36736737,0.00135230678633,0.00299689883432,0.0,0.0250387635237
1103.86786787,0.0013453957408,0.00298384457964,0.0,0.0233761158727
1105.36836837,0.00133852871597,0.00297085975565,0.0,0.0217134682217
1106.86886887,0.00133170537637,0.00295794393203,0.0,0.0200508205707
1108.36936937,0.00132492538951,0.00294509668145,0.0,0.0183881729197
1109.86986987,0.00131818842583,0.00293231757957,0.0,0.0167304283871
1111.37037037,0.00131149415871,0.00291960620498,0.0,0.0151272547184
1112.87087087,0.00130484226439,0.00290696213921,0.0,0.0135240810496
1114.37137137,0.00129823242196,0.00289438496669,0.0,0.0119209073809
1115.87187187,0.00129166431337,0.00288187427474,0.0,0.0103177337122
1117.37237237,0.00128513762334,0.00286942965351,0.0,0.00845581290702
1118.87287287,0.00127865203936,0.00285705069604,0.0,0.00658495155388
1120.37337337,0.00127220725167,0.00284473699815,0.0,0.00471409020075
1121.87387387,0.00126580295324,0.00283248815846,0.0,0.00284322884761
1123.37437437,0.00125943883971,0.00282030377839,0.0,0.00137230211373
1124.87487487,0.00125311460937,0.0028081834621,0.0,0.00101622860698
1126.37537538,0.00124682996317,0.00279612681648,0.0,0.00066015510023
1127.87587588,0.00124058460466,0.00278413345114,0.0,0.000304081593482
1129.37637638,0.00123437823996,0.00277220297838,0.0,0.0
1130.87687688,0.00122821057776,0.00276033501317,0.0,0.0
1132.37737738,0.00122208132929,0.00274852917316,0.0,0.0
1133.87787788,0.00121599020826,0.00273678507859,0.0,0.0
1135.37837838,0.00120993693088,0.00272510235236,0.0,0.0
1136.87887888,0.00120392121582,0.00271348061992,0.0,0.0
1138.37937938,0.00119794278416,0.00270191950933,0.0,0.0
1139.87987988,0.00119200135943,0.00269041865119,0.0,0.0
1141.38038038,0.0011860966675,0.00267897767863,0.0,0.0
1142.88088088,0.00118022843663,0.00266759622732,0.0,0.0
1144.38138138,0.00117439639742,0.0026562739354,0.0,0.0
1145.88188188,0.00116860028276,0.0026450104435,0.0,0.0
1147.38238238,0.00116283982786,0.00263380539473,0.0,0.0
1148.88288288,0.00115711477018,0.00262265843463,0.0,0.0
1150.38338338,0.00115142484945,0.00261156921114,0.0,0.0
1151.88388388,0.00114576980761,0.00260053737466,0.0,0.0
1153.38438438,0.00114014938882,0.00258956257792,0.0,0.0
1154.88488488,0.00113456333939,0.00257864447608,0.0,0.0
1156.38538539,0.00112901140784,0.00256778272659,0.0,0.0
1157.88588589,0.00112349334479,0.00255697698929,0.0,0.0
1159.38638639,0.001118008903,0.00254622692631,0.0,0.0
1160.88688689,0.00111255783733,0.00253553220209,0.0,0.0
1162.38738739,0.00110713990471,0.00252489248334,0.0,0.0
1163.88788789,0.00110175486414,0.00251430743907,0.0,0.0
1165.38838839,0.00109640247665,0.0025037767405,0.0,0.0
1166.88888889,0.0010910825053,0.0024933000611,0.0,0.0
1168.38938939,0.00108579471513,0.00248287707657,0.0,0.0
1169.88988989,0.0010805388732,0.0024725074648,0.0,0.0
1171.39039039,0.00107531474848,0.00246219090584,0.0,0.0
1172.89089089,0.00107012211193,0.00245192708196,0.0,0.0
1174.39139139,0.00106496073641,0.00244171567753,0.0,0.0
1175.89189189,0.00105983039668,0.00243155637909,0.0,0.0
1177.39239239,0.00105473086942,0.00242144887527,0.0,0.0
1178.89289289,0.00104966193315,0.00241139285684,0.0,0.0
1180.39339339,0.00104462336824,0.00240138801663,0.0,0.0
1181.89389389,0.00103961495692,0.00239143404955,0.0,0.0
1183.39439439,0.00103463648322,0.00238153065257,0.0,0.0
1184.89489489,0.00102968773296,0.00237167752472,0.0,0.0
1186.3953954,0.00102476849377,0.00236187436701,0.0,0.0
1187.8958959,0.00101987855503,0.00235212088252,0.0,0.0
1189.3963964,0.00101501770786,0.00234241677628,0.0,0.0
1190.8968969,0.00101018574512,0.00233276175534,0.0,0.0
1192.3973974,0.0010053824614,0.00232315552868,0.0,0.0
1193.8978979,0.00100060765297,0.00231359780727,0.0,0.0
1195.3983984,0.000995861117795,0.002304088304,0.0,0.0
1196.8988989,0.000991142655499,0.00229462673369,0.0,0.0
1198.3993994,0.000986452067365,0.00228521281307,0.0,0.0
1199.8998999,0.000981789156311,0.00227584626075,0.0,0.0
1201.4004004,0.000977153726878,0.00226652679726,0.0,0.0
1202.9009009,0.00097254558521,0.00225725414496,0.0,0.0
1204.4014014,0.000967964539045,0.0022480280281,0.0,0.0
1205.9019019,0.000963410397695,0.00223884817274,0.0,0.0
1207.4024024,0.000958882972035,0.00222971430679,0.0,0.0
1208.9029029,0.000954382074484,0.00222062615995,0.0,0.0
1210.4034034,0.000949907518999,0.00221158346376,0.0,0.0
1211.9039039,0.000945459121049,0.00220258595151,0.0,0.0
1213.4044044,0.000941036697611,0.00219363335829,0.0,0.0
1214.9049049,0.000936640067152,0.00218472542094,0.0,0.0
1216.40540541,0.000932269049613,0.00217586187804,0.0,0.0
1217.90590591,0.0009279234664,0.00216704246994,0.0,0.0
1219.40640641,0.000923603140367,0.00215826693867,0.0,0.0
1220.90690691,0.000919307895803,0.00214953502799,0.0,0.0
1222.40740741,0.00091503755842,0.00214084648338,0.0,0.0
1223.90790791,0.00091079195534,0.00213220105197,0.0,0.0
1225.40840841,0.000906570915081,0.00212359848259,0.0,0.0
1226.90890891,0.000902374267544,0.00211503852571,0.0,0.0
1228.40940941,0.000898201844,0.00210652093347,0.0,0.0
1229.90990991,0.00089405347708,0.00209804545964,0.0,0.0
1231.41041041,0.000889929000758,0.0020896118596,0.0,0.0
1232.91091091,0.000885828250345,0.00208121989036,0.0,0.0
1234.41141141,0.00088175106247,0.00207286931054,0.0,0.0
1235.91191191,0.000877697275073,0.00206455988032,0.0,0.0
1237.41241241,0.000873666727389,0.00205629136149,0.0,0.0
1238.91291291,0.00086965925994,0.00204806351739,0.0,0.0
1240.41341341,0.000865674714521,0.00203987611293,0.0,0.0
1241.91391391,0.000861712934189,0.00203172891453,0.0,0.0
1243.41441441,0.000857773763251,0.00202362169019,0.0,0.0
1244.91491491,0.000853857047255,0.0020155542094,0.0,0.0
1246.41541542,0.000849962632974,0.00200752624317,0.0,0.0
1247.91591592,0.000846090368399,0.00199953756401,0.0,0.0
1249.41641642,0.000842240102729,0.00199158794593,0.0,0.0
1250.91691692,0.000838411686354,0.00198367716439,0.0,0.0
1252.41741742,0.00083460497085,0.00197580499635,0.0,0.0
1253.91791792,0.000830819808966,0.0019679712202,0.0,0.0
1255.41841842,0.000827056054615,0.00196017561581,0.0,0.0
1256.91891892,0.00082331356286,0.00195241796445,0.0,0.0
1258.41941942,0.000819592189909,0.00194469804883,0.0,0.0
1259.91991992,0.000815891793098,0.00193701565308,0.0,0.0
1261.42042042,0.000812212230888,0.00192937056274,0.0,0.0
1262.92092092,0.00080855336285,0.00192176256473,0.0,0.0
1264.42142142,0.000804915049655,0.00191419144737,0.0,0.0
1265.92192192,0.000801297153068,0.00190665700034,0.0,0.0
1267.42242242,0.000797699535936,0.0018991590147,0.0,0.0
1268.92292292,0.000794122062177,0.00189169728285,0.0,0.0
1270.42342342,0.000790564596772,0.00188427159855,0.0,0.0
1271.92392392,0.000787027005756,0.00187688175689,0.0,0.0
1273.42442442,0.000783509156207,0.00186952755428,0.0,0.0
1274.92492492,0.000780010916238,0.00186220878847,0.0,0.0
1276.42542543,0.000776532154988,0.00185492525849,0.0,0.0
1277.92592593,0.000773072742611,0.00184767676468,0.0,0.0
1279.42642643,0.00076963255027,0.00184046310866,0.0,0.0
1280.92692693,0.000766211450125,0.00183328409336,0.0,0.0
1282.42742743,0.000762809315327,0.00182613952295,0.0,0.0
1283.92792793,0.000759426020008,0.00181902920286,0.0,0.0
1285.42842843,0.000756061439269,0.00181195293979,0.0,0.0
1286.92892893,0.00075271544918,0.00180491054167,0.0,0.0
1288.42942943,0.000749387926761,0.00179790181768,0.0,0.0
1289.92992993,0.000746078749982,0.00179092657821,0.0,0.0
1291.43043043,0.000742787797752,0.00178398463487,0.0,0.0
1292.93093093,0.000739514949907,0.0017770758005,0.0,0.0
1294.43143143,0.000736260087209,0.00177019988909,0.0,0.0
1295.93193193,0.000733023091331,0.00176335671588,0.0,0.0
1297.43243243,0.000729803844853,0.00175654609725,0.0,0.0
1298.93293293,0.000726602231254,0.00174976785078,0.0,0.0
1300.43343343,0.000723418134904,0.0017430217952,0.0,0.0
1301.93393393,0.000720251441052,0.0017363077504,0.0,0.0
1303.43443443,0.000717102035825,0.00172962553743,0.0,0.0
1304.93493493,0.000713969806218,0.00172297497847,0.0,0.0
1306.43543544,0.000710854640083,0.00171635589684,0.0,0.0
1307.93593594,0.000707756426125,0.00170976811698,0.0,0.0
1309.43643644,0.000704675053896,0.00170321146445,0.0,0.0
1310.93693694,0.000701610413783,0.00169668576592,0.0,0.0
1312.43743744,0.000698562397005,0.00169019084917,0.0,0.0
1313.93793794,0.000695530895604,0.00168372654305,0.0,0.0
1315.43843844,0.000692515802437,0.00167729267752,0.0,0.0
1316.93893894,0.000689517011172,0.00167088908361,0.0,0.0
1318.43943944,0.000686534416276,0.00166451559341,0.0,0.0
1319.93993994,0.000683567913015,0.0016581720401,0.0,0.0
1321.44044044,0.000680617397441,0.00165185825789,0.0,0.0
1322.94094094,0.000677682766387,0.00164557408204,0.0,0.0
1324.44144144,0.000674763917463,0.00163931934886,0.0,0.0
1325.94194194,0.000671860749046,0.00163309389571,0.0,0.0
1327.44244244,0.000668973160274,0.00162689756094,0.0,0.0
1328.94294294,0.000666101051043,0.00162073018394,0.0,0.0
1330.44344344,0.000663244321994,0.00161459160512,0.0,0.0
1331.94394394,0.000660402874513,0.00160848166587,0.0,0.0
1333.44444444,0.00065757661072,0.0016024002086,0.0,0.0
1334.94494494,0.000654765433468,0.0015963470767,0.0,0.0
1336.44544545,0.00065196924633,0.00159032211456,0.0,0.0
1337.94594595,0.000649187953598,0.00158432516751,0.0,0.0
1339.44644645,0.000646421460275,0.0015783560819,0.0,0.0
1340.94694695,0.00064366967207,0.00157241470499,0.0,0.0
1342.44744745,0.000640932495391,0.00156650088505,0.0,0.0
1343.94794795,0.000638209837339,0.00156061447126,0.0,0.0
1345.44844845,0.000635501605702,0.00155475531376,0.0,0.0
1346.94894895,0.000632807708951,0.00154892326363,0.0,0.0
1348.44944945,0.000630128056232,0.00154311817287,0.0,0.0
1349.94994995,0.000627462557363,0.00153733989442,0.0,0.0
1351.45045045,0.000624811122825,0.0015315882821,0.0,0.0
1352.95095095,0.000622173663758,0.0015258631907,0.0,0.0
1354.45145145,0.000619550091956,0.00152016447585,0.0,0.0
1355.95195195,0.000616940319862,0.00151449199414,0.0,0.0
1357.45245245,0.000614344260561,0.001508845603,0.0,0.0
1358.95295295,0.000611761827774,0.00150322516078,0.0,0.0
1360.45345345,0.000609192935856,0.0014976305267,0.0,0.0
1361.95395395,0.000606637499786,0.00149206156084,0.0,0.0
1363.45445445,0.000604095435168,0.00148651812417,0.0,0.0
1364.95495495,0.00060156665822,0.00148100007851,0.0,0.0
1366.45545546,0.000599051085771,0.00147550728654,0.0,0.0
1367.95595596,0.000596548635256,0.00147003961178,0.0,0.0
1369.45645646,0.000594059224712,0.00146459691861,0.0,0.0
1370.95695696,0.000591582772771,0.00145917907223,0.0,0.0
1372.45745746,0.000589119198658,0.00145378593869,0.0,0.0
1373.95795796,0.000586668422181,0.00144841738485,0.0,0.0
1375.45845846,0.000584230363732,0.00144307327841,0.0,0.0
1376.95895896,0.000581804944278,0.00143775348786,0.0,0.0
1378.45945946,0.000579392085359,0.00143245788252,0.0,0.0
1379.95995996,0.00057699170908,0.00142718633252,0.0,0.0
1381.46046046,0.000574603738111,0.00142193870876,0.0,0.0
1382.96096096,0.000572228095678,0.00141671488296,0.0,0.0
1384.46146146,0.000569864705561,0.00141151472761,0.0,0.0
1385.96196196,0.000567513492088,0.001406338116,0.0,0.0
1387.46246246,0.00056517438013,0.00140118492218,0.0,0.0
1388.96296296,0.000562847295101,0.00139605502098,0.0,0.0
1390.46346346,0.000560532162946,0.00139094828799,0.0,0.0
1391.96396396,0.000558228910145,0.00138586459957,0.0,0.0
1393.46446446,0.000555937463701,0.00138080383283,0.0,0.0
1394.96496496,0.000553657751141,0.00137576586564,0.0,0.0
1396.46546547,0.000551389700509,0.0013707505766,0.0,0.0
1397.96596597,0.000549133240365,0.00136575784505,0.0,0.0
1399.46646647,0.000546888299776,0.00136078755109,0.0,0.0
1400.96696697,0.000544654808314,0.00135583957553,0.0,0.0
1402.46746747,0.000542432696055,0.00135091379991,0.0,0.0
1403.96796797,0.000540221893571,0.00134601010648,0.0,0.0
1405.46846847,0.000538022331926,0.00134112837822,0.0,0.0
1406.96896897,0.000535833942673,0.00133626849882,0.0,0.0
1408.46946947,0.000533656657854,0.00133143035267,0.0,0.0
1409.96996997,0.000531490409988,0.00132661382487,0.0,0.0
1411.47047047,0.000529335132073,0.0013218188012,0.0,0.0
1412.97097097,0.00052719075758,0.00131704516815,0.0,0.0
1414.47147147,0.000525057220452,0.00131229281288,0.0,0.0
1415.97197197,0.000522934455095,0.00130756162325,0.0,0.0
1417.47247247,0.00052082239638,0.00130285148778,0.0,0.0
1418.97297297,0.000518720979633,0.00129816229568,0.0,0.0
1420.47347347,0.000516630140638,0.00129349393681,0.0,0.0
1421.97397397,0.000514549815629,0.00128884630171,0.0,0.0
1423.47447447,0.000512479941288,0.00128421928158,0.0,0.0
1424.97497497,0.000510420454739,0.00127961276825,0.0,0.0
1426.47547548,0.00050837129355,0.00127502665424,0.0,0.0
1427.97597598,0.000506332395722,0.00127046083269,0.0,0.0
1429.47647648,0.000504303699693,0.00126591519738,0.0,0.0
1430.97697698,0.000502285144328,0.00126138964274,0.0,0.0
1432.47747748,0.00050027666892,0.00125688406384,0.0,0.0
1433.97797798,0.000498278213185,0.00125239835635,0.0,0.0
1435.47847848,0.000496289717259,0.00124793241659,0.0,0.0
1436.97897898,0.000494311121694,0.0012434861415,0.0,0.0
1438.47947948,0.000492342367455,0.00123905942862,0.0,0.0
1439.97997998,0.000490383395918,0.00123465217613,0.0,0.0
1441.48048048,0.000488434148864,0.00123026428278,0.0,0.0
1442.98098098,0.000486494568479,0.00122589564795,0.0,0.0
1444.48148148,0.000484564597347,0.00122154617163,0.0,0.0
1445.98198198,0.000482644178452,0.00121721575438,0.0,0.0
1447.48248248,0.00048073325517,0.00121290429736,0.0,0.0
1448.98298298,0.000478831771268,0.00120861170233,0.0,0.0
1450.48348348,0.0004769396709,0.00120433787162,0.0,0.0
1451.98398398,0.000475056898608,0.00120008270816,0.0,0.0
1453.48448448,0.000473183399311,0.00119584611543,0.0,0.0
1454.98498498,0.00047131911831,0.0011916279975,0.0,0.0
1456.48548549,0.000469464001281,0.001187428259,0.0,0.0
1457.98598599,0.000467617994272,0.00118324680514,0.0,0.0
1459.48648649,0.000465781043702,0.00117908354168,0.0,0.0
1460.98698699,0.000463953096355,0.00117493837494,0.0,0.0
1462.48748749,0.000462134099381,0.00117081121178,0.0,0.0
1463.98798799,0.000460324000292,0.00116670195964,0.0,0.0
1465.48848849,0.000458522746955,0.00116261052649,0.0,0.0
1466.98898899,0.000456730287595,0.00115853682083,0.0,0.0
1468.48948949,0.000454946570791,0.00115448075172,0.0,0.0
1469.98998999,0.000453171545469,0.00115044222876,0.0,0.0
1471.49049049,0.000451405160905,0.00114642116205,0.0,0.0
1472.99099099,0.000449647366719,0.00114241746225,0.0,0.0
1474.49149149,0.000447898112872,0.00113843104054,0.0,0.0
1475.99199199,0.000446157349666,0.00113446180861,0.0,0.0
1477.49249249,0.000444425027739,0.00113050967867,0.0,0.0
1478.99299299,0.000442701098063,0.00112657456347,0.0,0.0
1480.49349349,0.000440985511941,0.00112265637623,0.0,0.0
1481.99399399,0.000439278221007,0.00111875503072,0.0,0.0
1483.49449449,0.000437579177219,0.00111487044117,0.0,0.0
1484.99499499,0.000435888332862,0.00111100252237,0.0,0.0
1486.4954955,0.000434205640539,0.00110715118954,0.0,0.0
1487.995996,0.000432531053175,0.00110331635846,0.0,0.0
1489.4964965,0.00043086452401,0.00109949794535,0.0,0.0
1490.996997,0.000429206006598,0.00109569586696,0.0,0.0
1492.4974975,0.000427555454805,0.00109191004049,0.0,0.0
1493.997998,0.000425912822808,0.00108814038364,0.0,0.0
1495.4984985,0.000424278065088,0.00108438681459,0.0,0.0
1496.998999,0.000422651136432,0.001080649252,0.0,0.0
1498.4994995,0.000421031991931,0.00107692761498,0.0,0.0
1500.0,0.000419420586973,0.00107322182315,0.0,0.0
